"","journal","ISSN","eISSN","publisher","language_1","language_2","language_3","language_4","language_5","language_6","language_7","language_8","language_9","language_10","language_11","language_12","category_1","category_2","category_3","category_4","category_5","category_6","Index","publisher_country","model","weekstopub","APC","APC_amount","waiver","citations","JIF_2022","JIF_quartile","JCI_2022","percent_OAGold"
"1","ULTRASONICS_SONOCHEMISTRY","1350-4177","1873-2828","ELSEVIER","English",NA,NA,NA,NA,NA,NA,NA,NA,NA,NA,NA,"Acoustics","Chemistry,Multidisciplinary",NA,NA,NA,NA,"SCIE","Netherlands","Anonymous_peer_review",6,"Yes","2300_USD","Yes",NA,8.4,NA,2.08,93.52
"2","AQUACULTURE_ECONOMICS_&_MANAGEMENT","1365-7305","1551-8663","TAYLOR_&_FRANCIS_INC","English",NA,NA,NA,NA,NA,NA,NA,NA,NA,NA,NA,"AgriculturalEconomics&Policy","Fisheries",NA,NA,NA,NA,"SCIE",NA,NA,NA,NA,NA,NA,NA,3.9,NA,1.36,16.13
"3","BIORESOURCE_TECHNOLOGY","0960-8524","1873-2976","ELSEVIER_SCI_LTD","English",NA,NA,NA,NA,NA,NA,NA,NA,NA,NA,NA,"AgriculturalEngineering","Biotechnology&AppliedMicrobiology","Energy&Fuels",NA,NA,NA,"SCIE",NA,NA,NA,NA,NA,NA,NA,11.4,NA,1.79,7.62
"4","ANNUAL_REVIEW_OF_ANIMAL_BIOSCIENCES","2165-8102","2165-8110","ANNUAL_REVIEWS","English",NA,NA,NA,NA,NA,NA,NA,NA,NA,NA,NA,"Agriculture,Dairy&AnimalScience","Biotechnology&AppliedMicrobiology","VeterinarySciences","Zoology",NA,NA,"SCIE",NA,NA,NA,NA,NA,NA,NA,12,NA,5.53,6.67
"5","COMPUTERS_AND_ELECTRONICS_IN_AGRICULTURE","0168-1699","1872-7107","ELSEVIER_SCI_LTD","English",NA,NA,NA,NA,NA,NA,NA,NA,NA,NA,NA,"Agriculture,Multidisciplinary","ComputerScience,InterdisciplinaryApplications",NA,NA,NA,NA,"SCIE",NA,NA,NA,NA,NA,NA,NA,8.3,NA,1.93,14.55
"6","AGRONOMY_FOR_SUSTAINABLE_DEVELOPMENT","1774-0746","1773-0155","SPRINGER_FRANCE","Multi-Language",NA,NA,NA,NA,NA,NA,NA,NA,NA,NA,NA,"Agronomy","Green&SustainableScience&Technology",NA,NA,NA,NA,"SCIE",NA,NA,NA,NA,NA,NA,NA,7.3,NA,1.15,50.21
"7","JOURNAL_OF_ALLERGY_AND_CLINICAL_IMMUNOLOGY","0091-6749","1097-6825","MOSBY-ELSEVIER","English",NA,NA,NA,NA,NA,NA,NA,NA,NA,NA,NA,"Allergy","Immunology",NA,NA,NA,NA,"SCIE",NA,NA,NA,NA,NA,NA,NA,14.2,NA,2.44,30.88
"8","BRAIN_STRUCTURE_&_FUNCTION","1863-2653","1863-2661","SPRINGER_HEIDELBERG","English",NA,NA,NA,NA,NA,NA,NA,NA,NA,NA,NA,"Anatomy&Morphology","Neurosciences",NA,NA,NA,NA,"SCIE",NA,NA,NA,NA,NA,NA,NA,3.1,NA,1.2,39.15
"9","WORLD_JOURNAL_OF_MENS_HEALTH","2287-4208","2287-4690","KOREAN_SOC_SEXUAL_MEDICINE_&_ANDROLOGY","English",NA,NA,NA,NA,NA,NA,NA,NA,NA,NA,NA,"Andrology","Urology&Nephrology",NA,NA,NA,NA,"SCIE","Korea,_Republic_of","Double_anonymous_peer_review",6,"No",NA,"No",NA,4.8,NA,1.71,99.56
"10","ANAESTHESIA","0003-2409","1365-2044","WILEY","English",NA,NA,NA,NA,NA,NA,NA,NA,NA,NA,NA,"Anesthesiology",NA,NA,NA,NA,NA,"SCIE",NA,NA,NA,NA,NA,NA,NA,10.7,NA,3.23,23.67
"11","JOURNAL_OF_PEASANT_STUDIES","0306-6150","1743-9361","ROUTLEDGE_JOURNALS,_TAYLOR_&_FRANCIS_LTD","English",NA,NA,NA,NA,NA,NA,NA,NA,NA,NA,NA,"Anthropology","DevelopmentStudies",NA,NA,NA,NA,"SSCI",NA,NA,NA,NA,NA,NA,NA,5.1,NA,2.18,28.72
"12","SCIENCE_AND_TECHNOLOGY_OF_ARCHAEOLOGICAL_RESEARCH","2054-8923","2054-8923","ROUTLEDGE_JOURNALS,_TAYLOR_&_FRANCIS_LTD","English",NA,NA,NA,NA,NA,NA,NA,NA,NA,NA,NA,"Archaeology",NA,NA,NA,NA,NA,"ESCI","United_Kingdom","Double_anonymous_peer_review",6,"Yes","1740_AUD;_1200_EUR;_1250_USD;_1000_GBP","Yes",208,3.5,NA,1.31,100
"13","FRONTIERS_OF_ARCHITECTURAL_RESEARCH","2095-2635","2095-2643","KEAI_PUBLISHING_LTD","English",NA,NA,NA,NA,NA,NA,NA,NA,NA,NA,NA,"Architecture",NA,NA,NA,NA,NA,"AHCI","China","Anonymous_peer_review",17,"Yes","1500_USD","Yes",NA,3.5,NA,4.43,90.1
"14","JOURNAL_OF_CHINESE_POLITICAL_SCIENCE","1080-6954","1874-6357","SPRINGER","English",NA,NA,NA,NA,NA,NA,NA,NA,NA,NA,NA,"AreaStudies","PoliticalScience",NA,NA,NA,NA,"SSCI",NA,NA,NA,NA,NA,NA,826,4.4,NA,2.85,8.11
"15","CODESIGN-INTERNATIONAL_JOURNAL_OF_COCREATION_IN_DESIGN_AND_THE_ARTS","1571-0882","1745-3755","TAYLOR_&_FRANCIS_LTD","English",NA,NA,NA,NA,NA,NA,NA,NA,NA,NA,NA,"Art",NA,NA,NA,NA,NA,"AHCI",NA,NA,NA,NA,NA,NA,NA,1.8,NA,4.7,31.82
"16","SOUTH_ASIAN_STUDIES","0266-6030","2153-2699","ROUTLEDGE_JOURNALS,_TAYLOR_&_FRANCIS_LTD","English",NA,NA,NA,NA,NA,NA,NA,NA,NA,NA,NA,"AsianStudies",NA,NA,NA,NA,NA,"ESCI",NA,NA,NA,NA,NA,NA,197,2.5,NA,0.73,2.78
"17","ANNUAL_REVIEW_OF_ASTRONOMY_AND_ASTROPHYSICS","0066-4146","1545-4282","ANNUAL_REVIEWS","English",NA,NA,NA,NA,NA,NA,NA,NA,NA,NA,NA,"Astronomy&Astrophysics",NA,NA,NA,NA,NA,"SCIE",NA,NA,NA,NA,NA,NA,NA,33.3,NA,3.69,2.56
"18","EAR_AND_HEARING","0196-0202","1538-4667","LIPPINCOTT_WILLIAMS_&_WILKINS","English",NA,NA,NA,NA,NA,NA,NA,NA,NA,NA,NA,"Audiology&Speech-LanguagePathology","Otorhinolaryngology",NA,NA,NA,NA,"SCIE",NA,NA,NA,NA,NA,NA,NA,3.7,NA,1.79,21.22
"19","ANNUAL_REVIEW_OF_CONTROL_ROBOTICS_AND_AUTONOMOUS_SYSTEMS",NA,"2573-5144","ANNUAL_REVIEWS","English",NA,NA,NA,NA,NA,NA,NA,NA,NA,NA,NA,"Automation&ControlSystems","Robotics",NA,NA,NA,NA,"SCIE",NA,NA,NA,NA,NA,NA,NA,13.4,NA,2.67,1.43
"20","NEUROSCIENCE_AND_BIOBEHAVIORAL_REVIEWS","0149-7634","1873-7528","PERGAMON-ELSEVIER_SCIENCE_LTD","English",NA,NA,NA,NA,NA,NA,NA,NA,NA,NA,NA,"BehavioralSciences","Neurosciences",NA,NA,NA,NA,"SCIE",NA,NA,NA,NA,NA,NA,NA,8.2,NA,1.39,28.33
"21","NATURE_METHODS","1548-7091","1548-7105","NATURE_PORTFOLIO","English",NA,NA,NA,NA,NA,NA,NA,NA,NA,NA,NA,"BiochemicalResearchMethods",NA,NA,NA,NA,NA,"SCIE",NA,NA,NA,NA,NA,NA,NA,48,NA,9.1,17.89
"22","NATURE_MEDICINE","1078-8956","1546-170X","NATURE_PORTFOLIO","English",NA,NA,NA,NA,NA,NA,NA,NA,NA,NA,NA,"Biochemistry&MolecularBiology","CellBiology","Medicine,Research&Experimental",NA,NA,NA,"SCIE",NA,NA,NA,NA,NA,NA,NA,82.9,NA,14.06,28.1
"23","GLOBAL_CHANGE_BIOLOGY","1354-1013","1365-2486","WILEY","English",NA,NA,NA,NA,NA,NA,NA,NA,NA,NA,NA,"BiodiversityConservation","Ecology","EnvironmentalSciences",NA,NA,NA,"SCIE",NA,NA,NA,NA,NA,NA,NA,11.6,NA,2.44,29.99
"24","PHYSICS_OF_LIFE_REVIEWS","1571-0645","1873-1457","ELSEVIER","English",NA,NA,NA,NA,NA,NA,NA,NA,NA,NA,NA,"Biology","Biophysics",NA,NA,NA,NA,"SCIE",NA,NA,NA,NA,NA,NA,NA,11.7,NA,1.33,28.21
"25","BIOSENSORS_&_BIOELECTRONICS","0956-5663","1873-4235","ELSEVIER_ADVANCED_TECHNOLOGY","English",NA,NA,NA,NA,NA,NA,NA,NA,NA,NA,NA,"Biophysics","Biotechnology&AppliedMicrobiology","Chemistry,Analytical","Electrochemistry","Nanoscience&Nanotechnology",NA,"SCIE",NA,NA,NA,NA,NA,NA,NA,12.6,NA,2.36,9.93
"26","NATURE_REVIEWS_DRUG_DISCOVERY","1474-1776","1474-1784","NATURE_PORTFOLIO","English",NA,NA,NA,NA,NA,NA,NA,NA,NA,NA,NA,"Biotechnology&AppliedMicrobiology","Pharmacology&Pharmacy",NA,NA,NA,NA,"SCIE",NA,NA,NA,NA,NA,NA,NA,120.1,NA,12.45,6.03
"27","ACADEMY_OF_MANAGEMENT_ANNALS","1941-6520","1941-6067","ACAD_MANAGEMENT","English",NA,NA,NA,NA,NA,NA,NA,NA,NA,NA,NA,"Business","Management",NA,NA,NA,NA,"SSCI",NA,NA,NA,NA,NA,NA,NA,21.2,NA,3.54,0
"28","REVIEW_OF_ASSET_PRICING_STUDIES","2045-9920","2045-9939","OXFORD_UNIV_PRESS","English",NA,NA,NA,NA,NA,NA,NA,NA,NA,NA,NA,"Business,Finance",NA,NA,NA,NA,NA,"ESCI",NA,NA,NA,NA,NA,NA,NA,13.1,NA,3.64,16.25
"29","NATURE_REVIEWS_CARDIOLOGY","1759-5002","1759-5010","NATURE_PORTFOLIO","English",NA,NA,NA,NA,NA,NA,NA,NA,NA,NA,NA,"Cardiac&CardiovascularSystem",NA,NA,NA,NA,NA,"SCIE",NA,NA,NA,NA,NA,NA,NA,49.6,NA,6.6,2.98
"30","CELL_STEM_CELL","1934-5909","1875-9777","CELL_PRESS","English",NA,NA,NA,NA,NA,NA,NA,NA,NA,NA,NA,"Cell&TissueEngineering","CellBiology",NA,NA,NA,NA,"SCIE",NA,NA,NA,NA,NA,NA,NA,23.9,NA,4.18,65.14
"31","NATURE_REVIEWS_MOLECULAR_CELL_BIOLOGY","1471-0072","1471-0080","NATURE_PORTFOLIO","English",NA,NA,NA,NA,NA,NA,NA,NA,NA,NA,NA,"CellBiology",NA,NA,NA,NA,NA,"SCIE",NA,NA,NA,NA,NA,NA,NA,112.7,NA,8.82,2.08
"32","TRAC-TRENDS_IN_ANALYTICAL_CHEMISTRY","0165-9936","1879-3142","ELSEVIER_SCI_LTD","English",NA,NA,NA,NA,NA,NA,NA,NA,NA,NA,NA,"Chemistry,Analytical",NA,NA,NA,NA,NA,"SCIE",NA,NA,NA,NA,NA,NA,NA,13.1,NA,1.31,12.23
"33","CHINESE_JOURNAL_OF_CATALYSIS","0253-9837","1872-2067","ELSEVIER","English",NA,NA,NA,NA,NA,NA,NA,NA,NA,NA,NA,"Chemistry,Applied","Chemistry,Physical","Engineering,Chemical",NA,NA,NA,"SCIE",NA,NA,NA,NA,NA,NA,NA,16.5,NA,2.29,1.95
"34","COORDINATION_CHEMISTRY_REVIEWS","0010-8545","1873-3840","ELSEVIER_SCIENCE_SA","Multi-Language",NA,NA,NA,NA,NA,NA,NA,NA,NA,NA,NA,"Chemistry,Inorganic&Nuclear",NA,NA,NA,NA,NA,"SCIE",NA,NA,NA,NA,NA,NA,NA,20.6,NA,1.78,9.9
"35","MEDICINAL_RESEARCH_REVIEWS","0198-6325","1098-1128","WILEY","English",NA,NA,NA,NA,NA,NA,NA,NA,NA,NA,NA,"Chemistry,Medicinal","Pharmacology&Pharmacy",NA,NA,NA,NA,"SCIE",NA,NA,NA,NA,NA,NA,NA,13.3,NA,1.67,14.4
"36","CHEMICAL_REVIEWS","0009-2665","1520-6890","AMER_CHEMICAL_SOC","English",NA,NA,NA,NA,NA,NA,NA,NA,NA,NA,NA,"Chemistry,Multidisciplinary",NA,NA,NA,NA,NA,"SCIE",NA,NA,NA,NA,NA,NA,NA,62.1,NA,4.2,13.13
"37","ORGANIC_CHEMISTRY_FRONTIERS","2052-4129","2052-4129","ROYAL_SOC_CHEMISTRY","English",NA,NA,NA,NA,NA,NA,NA,NA,NA,NA,NA,"Chemistry,Organic",NA,NA,NA,NA,NA,"SCIE",NA,NA,NA,NA,NA,NA,NA,5.4,NA,1.32,2.84
"38","NATURE_MATERIALS","1476-1122","1476-4660","NATURE_PORTFOLIO","English",NA,NA,NA,NA,NA,NA,NA,NA,NA,NA,NA,"Chemistry,Physical","MaterialsScience,Multidisciplinary","Physics,Applied","Physics,CondensedMatter",NA,NA,"SCIE",NA,NA,NA,NA,NA,NA,NA,41.2,NA,6.64,4.43
"39","CLASSICAL_PHILOLOGY","0009-837X","1546-072X","UNIV_CHICAGO_PRESS","English",NA,NA,NA,NA,NA,NA,NA,NA,NA,NA,NA,"Classics",NA,NA,NA,NA,NA,"AHCI",NA,NA,NA,NA,NA,NA,677,1,NA,3.23,1.35
"40","LANCET_NEUROLOGY","1474-4422","1474-4465","ELSEVIER_SCIENCE_INC","English",NA,NA,NA,NA,NA,NA,NA,NA,NA,NA,NA,"ClinicalNeurology",NA,NA,NA,NA,NA,"SCIE",NA,NA,NA,NA,NA,NA,NA,48,NA,12.82,12.04
"41","COMMUNICATION_METHODS_AND_MEASURES","1931-2458","1931-2466","ROUTLEDGE_JOURNALS,_TAYLOR_&_FRANCIS_LTD","English",NA,NA,NA,NA,NA,NA,NA,NA,NA,NA,NA,"Communication",NA,NA,NA,NA,NA,"SSCI",NA,NA,NA,NA,NA,NA,NA,11.4,NA,3.59,35.19
"42","FOUNDATIONS_AND_TRENDS_IN_MACHINE_LEARNING","1935-8237","1935-8245","NOW_PUBLISHERS_INC","English",NA,NA,NA,NA,NA,NA,NA,NA,NA,NA,NA,"ComputerScience,ArtificialIntelligence",NA,NA,NA,NA,NA,"ESCI",NA,NA,NA,NA,NA,NA,NA,32.8,NA,8.86,0
"43","HUMAN-COMPUTER_INTERACTION","0737-0024","1532-7051","TAYLOR_&_FRANCIS_INC","English",NA,NA,NA,NA,NA,NA,NA,NA,NA,NA,NA,"ComputerScience,Cybernetics","ComputerScience,Theory&Methods",NA,NA,NA,NA,"SCIE",NA,NA,NA,NA,NA,NA,NA,5.3,NA,0.89,29.41
"44","COMMUNICATIONS_OF_THE_ACM","0001-0782","1557-7317","ASSOC_COMPUTING_MACHINERY","English",NA,NA,NA,NA,NA,NA,NA,NA,NA,NA,NA,"ComputerScience,Hardware&Architecture","ComputerScience,SoftwareEngineering","ComputerScience,Theory&Methods",NA,NA,NA,"SCIE",NA,NA,NA,NA,NA,NA,NA,22.7,NA,8.05,0.36
"45","IEEE_COMMUNICATIONS_SURVEYS_AND_TUTORIALS",NA,"1553-877X","IEEE-INST_ELECTRICAL_ELECTRONICS_ENGINEERS_INC","English",NA,NA,NA,NA,NA,NA,NA,NA,NA,NA,NA,"ComputerScience,InformationSystems","Telecommunications",NA,NA,NA,NA,"SCIE",NA,NA,NA,NA,NA,NA,NA,35.6,NA,8.77,21.58
"46","FOUNDATIONS_AND_TRENDS_IN_COMPUTER_GRAPHICS_AND_VISION","1572-2740","1572-2759","NOW_PUBLISHERS_INC","English",NA,NA,NA,NA,NA,NA,NA,NA,NA,NA,NA,"ComputerScience,InterdisciplinaryApplications",NA,NA,NA,NA,NA,"ESCI",NA,NA,NA,NA,NA,NA,405,36.5,NA,3.22,85.71
"47","IEEE_TRANSACTIONS_ON_SOFTWARE_ENGINEERING","0098-5589","1939-3520","IEEE_COMPUTER_SOC","English",NA,NA,NA,NA,NA,NA,NA,NA,NA,NA,NA,"ComputerScience,SoftwareEngineering","Engineering,Electrical&Electronic",NA,NA,NA,NA,"SCIE",NA,NA,NA,NA,NA,NA,NA,7.4,NA,2.42,13.72
"48","ACM_COMPUTING_SURVEYS","0360-0300","1557-7341","ASSOC_COMPUTING_MACHINERY","English",NA,NA,NA,NA,NA,NA,NA,NA,NA,NA,NA,"ComputerScience,Theory&Methods",NA,NA,NA,NA,NA,"SCIE",NA,NA,NA,NA,NA,NA,NA,16.6,NA,4.19,0
"49","SUSTAINABLE_CITIES_AND_SOCIETY","2210-6707","2210-6715","ELSEVIER","English",NA,NA,NA,NA,NA,NA,NA,NA,NA,NA,NA,"Construction&BuildingTechnology","Green&SustainableScience&Technology","Energy&Fuels",NA,NA,NA,"SCIE",NA,NA,NA,NA,NA,NA,NA,11.7,NA,1.85,12.06
"50","ANNUAL_REVIEW_OF_CRIMINOLOGY","2572-4568","2572-4568","ANNUAL_REVIEWS","English",NA,NA,NA,NA,NA,NA,NA,NA,NA,NA,NA,"Criminology&Penology",NA,NA,NA,NA,NA,"SSCI",NA,NA,NA,NA,NA,NA,859,6.9,NA,3.6,1.92
"51","LANCET_RESPIRATORY_MEDICINE","2213-2600","2213-2619","ELSEVIER_SCI_LTD","English",NA,NA,NA,NA,NA,NA,NA,NA,NA,NA,NA,"CriticalCareMedicine","RespiratorySystem",NA,NA,NA,NA,"SCIE",NA,NA,NA,NA,NA,NA,NA,76.2,NA,11.75,21.55
"52","PROGRESS_IN_CRYSTAL_GROWTH_AND_CHARACTERIZATION_OF_MATERIALS","0960-8974","1878-4208","PERGAMON-ELSEVIER_SCIENCE_LTD","English",NA,NA,NA,NA,NA,NA,NA,NA,NA,NA,NA,"Crystallography","MaterialsScience,Characterization,Testing",NA,NA,NA,NA,"SCIE",NA,NA,NA,NA,NA,NA,NA,5.1,NA,0.78,4.35
"53","SOCIAL_TEXT","0164-2472","1527-1951","DUKE_UNIV_PRESS","English",NA,NA,NA,NA,NA,NA,NA,NA,NA,NA,NA,"CulturalStudies",NA,NA,NA,NA,NA,"ESCI",NA,NA,NA,NA,NA,NA,NA,3.3,NA,2.18,0
"54","RESEARCH_IN_DANCE_EDUCATION","1464-7893","1470-1111","ROUTLEDGE_JOURNALS,_TAYLOR_&_FRANCIS_LTD","English",NA,NA,NA,NA,NA,NA,NA,NA,NA,NA,NA,"Dance",NA,NA,NA,NA,NA,"AHCI",NA,NA,NA,NA,NA,NA,294,1,NA,3.45,15.57
"55","JOURNAL_OF_POPULATION_ECONOMICS","0933-1433","1432-1475","SPRINGER","English",NA,NA,NA,NA,NA,NA,NA,NA,NA,NA,NA,"Demography","Economics",NA,NA,NA,NA,"SSCI",NA,NA,NA,NA,NA,NA,NA,6.1,NA,2.12,43.26
"56","PERIODONTOLOGY_2000","0906-6713","1600-0757","WILEY","English",NA,NA,NA,NA,NA,NA,NA,NA,NA,NA,NA,"Dentistry,OralSurgery&Medicine",NA,NA,NA,NA,NA,"SCIE",NA,NA,NA,NA,NA,NA,NA,18.6,NA,3.17,22.88
"57","JOURNAL_OF_THE_AMERICAN_ACADEMY_OF_DERMATOLOGY","0190-9622","1097-6787","MOSBY-ELSEVIER","English",NA,NA,NA,NA,NA,NA,NA,NA,NA,NA,NA,"Dermatology",NA,NA,NA,NA,NA,"SCIE",NA,NA,NA,NA,NA,NA,NA,13.8,NA,3.62,14.45
"58","SUSTAINABLE_DEVELOPMENT","0968-0802","1099-1719","WILEY","English",NA,NA,NA,NA,NA,NA,NA,NA,NA,NA,NA,"DevelopmentStudies","Green&SustainableScience&Technology","Regional&UrbanPlanning",NA,NA,NA,"SSCI",NA,NA,NA,NA,NA,NA,NA,12.5,NA,2.11,19.42
"59","DEVELOPMENT","0950-1991","1477-9129","COMPANY_BIOLOGISTS_LTD","English",NA,NA,NA,NA,NA,NA,NA,NA,NA,NA,NA,"DevelopmentalBiology",NA,NA,NA,NA,NA,"SCIE",NA,NA,NA,NA,NA,NA,NA,4.6,NA,1.25,53.26
"60","NATURE_ECOLOGY_&_EVOLUTION","2397-334X","2397-334X","NATURE_PORTFOLIO","English",NA,NA,NA,NA,NA,NA,NA,NA,NA,NA,NA,"Ecology","EvolutionaryBiology",NA,NA,NA,NA,"SCIE",NA,NA,NA,NA,NA,NA,NA,16.8,NA,3.93,11.18
"61","TRENDS_IN_ECOLOGY_&_EVOLUTION","0169-5347","1872-8383","CELL_PRESS","English",NA,NA,NA,NA,NA,NA,NA,NA,NA,NA,NA,"Ecology","EvolutionaryBiology","Genetics&Heredity",NA,NA,NA,"SCIE",NA,NA,NA,NA,NA,NA,NA,16.8,NA,1.89,37.84
"62","QUARTERLY_JOURNAL_OF_ECONOMICS","0033-5533","1531-4650","OXFORD_UNIV_PRESS_INC","English",NA,NA,NA,NA,NA,NA,NA,NA,NA,NA,NA,"Economics",NA,NA,NA,NA,NA,"SSCI",NA,NA,NA,NA,NA,NA,NA,13.7,NA,5.14,15.69
"63","COMPUTERS_&_EDUCATION","0360-1315","1873-782X","PERGAMON-ELSEVIER_SCIENCE_LTD","English",NA,NA,NA,NA,NA,NA,NA,NA,NA,NA,NA,"Education&EducationalResearch",NA,NA,NA,NA,NA,"SSCI",NA,NA,NA,NA,NA,NA,NA,12,NA,3.75,19.36
"64","ACADEMIC_MEDICINE","1040-2446","1938-808X","LIPPINCOTT_WILLIAMS_&_WILKINS","English",NA,NA,NA,NA,NA,NA,NA,NA,NA,NA,NA,"Education,ScientificDisciplines","HealthCareSciences&Services",NA,NA,NA,NA,"SCIE",NA,NA,NA,NA,NA,NA,NA,7.4,NA,2.05,8.75
"65","JOURNAL_OF_INTELLECTUAL_DISABILITY_RESEARCH","0964-2633","1365-2788","WILEY","English",NA,NA,NA,NA,NA,NA,NA,NA,NA,NA,NA,"Education,Special","Rehabilitation",NA,NA,NA,NA,"SSCI",NA,NA,NA,NA,NA,NA,NA,3.6,NA,1.09,22.14
"66","ELECTROCHEMICAL_ENERGY_REVIEWS","2520-8489","2520-8136","SPRINGERNATURE","English",NA,NA,NA,NA,NA,NA,NA,NA,NA,NA,NA,"Electrochemistry",NA,NA,NA,NA,NA,"SCIE",NA,NA,NA,NA,NA,NA,NA,31.3,NA,2.15,25.26
"67","WORLD_JOURNAL_OF_EMERGENCY_SURGERY","1749-7922","1749-7922","BMC","English",NA,NA,NA,NA,NA,NA,NA,NA,NA,NA,NA,"EmergencyMedicine","Surgery",NA,NA,NA,NA,"SCIE","United_Kingdom","Anonymous_peer_review",10,"Yes","2890_GBP;_3790_USD;_3190_EUR","Yes",NA,8,NA,2.41,98.82
"68","LANCET_DIABETES_&_ENDOCRINOLOGY","2213-8587","2213-8595","ELSEVIER_SCIENCE_INC","English",NA,NA,NA,NA,NA,NA,NA,NA,NA,NA,NA,"Endocrinology&Metabolism",NA,NA,NA,NA,NA,"SCIE",NA,NA,NA,NA,NA,NA,NA,44.5,NA,7.51,11.89
"69","NATURE_ENERGY","2058-7546","2058-7546","NATURE_PORTFOLIO","English",NA,NA,NA,NA,NA,NA,NA,NA,NA,NA,NA,"Energy&Fuels","MaterialsScience,Multidisciplinary",NA,NA,NA,NA,"SCIE",NA,NA,NA,NA,NA,NA,NA,56.7,NA,8.53,7.88
"70","SATELLITE_NAVIGATION","2662-9291","2662-1363","SPRINGERNATURE","English",NA,NA,NA,NA,NA,NA,NA,NA,NA,NA,NA,"Engineering,Aerospace","RemoteSensing","Telecommunications",NA,NA,NA,"SCIE","United_Kingdom","Anonymous_peer_review",12,"No",NA,"No",755,11.2,NA,2.1,98.86
"71","NATURE_BIOMEDICAL_ENGINEERING","2157-846X","2157-846X","NATURE_PORTFOLIO","English",NA,NA,NA,NA,NA,NA,NA,NA,NA,NA,NA,"Engineering,Biomedical",NA,NA,NA,NA,NA,"SCIE",NA,NA,NA,NA,NA,NA,NA,28.1,NA,5.37,7.04
"72","DESALINATION","0011-9164","1873-4464","ELSEVIER","English",NA,NA,NA,NA,NA,NA,NA,NA,NA,NA,NA,"Engineering,Chemical","WaterResources",NA,NA,NA,NA,"SCIE",NA,NA,NA,NA,NA,NA,NA,9.9,NA,1.93,10.23
"73","IEEE_TRANSACTIONS_ON_INTELLIGENT_TRANSPORTATION_SYSTEMS","1524-9050","1558-0016","IEEE-INST_ELECTRICAL_ELECTRONICS_ENGINEERS_INC","English",NA,NA,NA,NA,NA,NA,NA,NA,NA,NA,NA,"Engineering,Civil","Engineering,Electrical&Electronic","TransportationScience&Technology",NA,NA,NA,"SCIE",NA,NA,NA,NA,NA,NA,NA,8.5,NA,2.16,6.21
"74","NATURE_ELECTRONICS","2520-1131","2520-1131","NATURE_PORTFOLIO","English",NA,NA,NA,NA,NA,NA,NA,NA,NA,NA,NA,"Engineering,Electrical&Electronic",NA,NA,NA,NA,NA,"SCIE",NA,NA,NA,NA,NA,NA,NA,34.3,NA,5.24,6.13
"75","CHEMICAL_ENGINEERING_JOURNAL","1385-8947","1873-3212","ELSEVIER_SCIENCE_SA","Multi-Language",NA,NA,NA,NA,NA,NA,NA,NA,NA,NA,NA,"Engineering,Environmental","Engineering,Chemical",NA,NA,NA,NA,"SCIE",NA,NA,NA,NA,NA,NA,NA,15.1,NA,1.99,5.78
"76","ENGINEERING_GEOLOGY","0013-7952","1872-6917","ELSEVIER","Multi-Language",NA,NA,NA,NA,NA,NA,NA,NA,NA,NA,NA,"Engineering,Geological","Geosciences,Multidisciplinary",NA,NA,NA,NA,"SCIE",NA,NA,NA,NA,NA,NA,NA,7.4,NA,1.86,12
"77","JOURNAL_OF_MANUFACTURING_SYSTEMS","0278-6125","1878-6642","ELSEVIER_SCI_LTD","English",NA,NA,NA,NA,NA,NA,NA,NA,NA,NA,NA,"Engineering,Industrial","Engineering,Manufacturing","OperationsResearch&ManagementScience",NA,NA,NA,"SCIE",NA,NA,NA,NA,NA,NA,NA,12.1,NA,2.15,15.21
"78","INTERNATIONAL_JOURNAL_OF_EXTREME_MANUFACTURING","2631-8644","2631-7990","IOP_PUBLISHING_LTD","English",NA,NA,NA,NA,NA,NA,NA,NA,NA,NA,NA,"Engineering,Manufacturing","MaterialsScience,Multidisciplinary",NA,NA,NA,NA,"SCIE","United_Kingdom","Anonymous_peer_review",9,"No",NA,"No",NA,14.7,NA,1.24,100
"79","JOURNAL_OF_OCEAN_ENGINEERING_AND_SCIENCE","2468-0133","2468-0133","ELSEVIER","English",NA,NA,NA,NA,NA,NA,NA,NA,NA,NA,NA,"Engineering,Marine","Engineering,Ocean",NA,NA,NA,NA,"SCIE",NA,NA,NA,NA,NA,NA,NA,7.1,NA,1.6,97.48
"80","INTERNATIONAL_JOURNAL_OF_PLASTICITY","0749-6419","1879-2154","PERGAMON-ELSEVIER_SCIENCE_LTD","English",NA,NA,NA,NA,NA,NA,NA,NA,NA,NA,NA,"Engineering,Mechanical","MaterialsScience,Multidisciplinary","Mechanics",NA,NA,NA,"SCIE",NA,NA,NA,NA,NA,NA,NA,9.8,NA,2.1,24.18
"81","COMPOSITES_PART_B-ENGINEERING","1359-8368","1879-1069","ELSEVIER_SCI_LTD","English",NA,NA,NA,NA,NA,NA,NA,NA,NA,NA,NA,"Engineering,Multidisciplinary","MaterialsScience,Composites",NA,NA,NA,NA,"SCIE",NA,NA,NA,NA,NA,NA,NA,13.1,NA,2.8,11.21
"82","APPLIED_OCEAN_RESEARCH","0141-1187","1879-1549","ELSEVIER_SCI_LTD","English",NA,NA,NA,NA,NA,NA,NA,NA,NA,NA,NA,"Engineering,Ocean","Oceanography",NA,NA,NA,NA,"SCIE",NA,NA,NA,NA,NA,NA,NA,4.3,NA,1.29,11.34
"83","PETROLEUM_EXPLORATION_AND_DEVELOPMENT","2096-4803","1876-3804","KEAI_PUBLISHING_LTD","Chinese","English",NA,NA,NA,NA,NA,NA,NA,NA,NA,NA,"Engineering,Petroleum","Geosciences,Multidisciplinary","Energy&Fuels",NA,NA,NA,"SCIE","China","Double_anonymous_peer_review",15,"No",NA,"No",NA,7.5,NA,1.37,94.23
"84","ANNUAL_REVIEW_OF_ENTOMOLOGY","0066-4170","1545-4487","ANNUAL_REVIEWS","English",NA,NA,NA,NA,NA,NA,NA,NA,NA,NA,NA,"Entomology",NA,NA,NA,NA,NA,"SCIE",NA,NA,NA,NA,NA,NA,NA,23.8,NA,3.82,5.56
"85","NATURE_REVIEWS_EARTH_&_ENVIRONMENT",NA,"2662-138X","SPRINGERNATURE","English",NA,NA,NA,NA,NA,NA,NA,NA,NA,NA,NA,"EnvironmentalSciences","Geosciences,Multidisciplinary",NA,NA,NA,NA,"SCIE",NA,NA,NA,NA,NA,NA,NA,42.1,NA,4,0.68
"86","NATURE_CLIMATE_CHANGE","1758-678X","1758-6798","NATURE_PORTFOLIO","English",NA,NA,NA,NA,NA,NA,NA,NA,NA,NA,NA,"EnvironmentalStudies",NA,NA,NA,NA,NA,"SSCI",NA,NA,NA,NA,NA,NA,NA,30.7,NA,5.18,10.24
"87","ACCIDENT_ANALYSIS_AND_PREVENTION","0001-4575","1879-2057","PERGAMON-ELSEVIER_SCIENCE_LTD","English",NA,NA,NA,NA,NA,NA,NA,NA,NA,NA,NA,"Ergonomics","Public,Environmental&OccupationalHealth","SocialSciences,Interdisciplinary","Transportation",NA,NA,"SSCI",NA,NA,NA,NA,NA,NA,NA,5.9,NA,2,11.02
"88","AMERICAN_JOURNAL_OF_BIOETHICS","1526-5161","1536-0075","ROUTLEDGE_JOURNALS,_TAYLOR_&_FRANCIS_LTD","English",NA,NA,NA,NA,NA,NA,NA,NA,NA,NA,NA,"Ethics","SocialIssues","SocialSciences,Biomedical",NA,NA,NA,"SSCI",NA,NA,NA,NA,NA,NA,NA,13.4,NA,3.6,21.51
"89","CULTURAL_DIVERSITY_&_ETHNIC_MINORITY_PSYCHOLOGY","1099-9809","1939-0106","EDUCATIONAL_PUBLISHING_FOUNDATION-AMERICAN_PSYCHOLOGICAL_ASSOC","English",NA,NA,NA,NA,NA,NA,NA,NA,NA,NA,NA,"EthnicStudies","Psychology,Social",NA,NA,NA,NA,"SSCI",NA,NA,NA,NA,NA,NA,NA,3.3,NA,1.39,0
"90","SYSTEMATIC_BIOLOGY","1063-5157","1076-836X","OXFORD_UNIV_PRESS","English",NA,NA,NA,NA,NA,NA,NA,NA,NA,NA,NA,"EvolutionaryBiology",NA,NA,NA,NA,NA,"SCIE",NA,NA,NA,NA,NA,NA,NA,6.5,NA,2.06,40.13
"91","JOURNAL_OF_MARRIAGE_AND_FAMILY","0022-2445","1741-3737","WILEY","English",NA,NA,NA,NA,NA,NA,NA,NA,NA,NA,NA,"FamilyStudies","Sociology",NA,NA,NA,NA,"SSCI",NA,NA,NA,NA,NA,NA,NA,6,NA,1.78,22.66
"92","CRITICAL_STUDIES_IN_TELEVISION","1749-6020","1749-6039","SAGE_PUBLICATIONS_LTD","English",NA,NA,NA,NA,NA,NA,NA,NA,NA,NA,NA,"Film,Radio,Television",NA,NA,NA,NA,NA,"AHCI",NA,NA,NA,NA,NA,NA,182,1,NA,1.97,31.91
"93","REVIEWS_IN_FISHERIES_SCIENCE_&_AQUACULTURE","2330-8249","2330-8257","TAYLOR_&_FRANCIS_INC","English",NA,NA,NA,NA,NA,NA,NA,NA,NA,NA,NA,"Fisheries",NA,NA,NA,NA,NA,"SCIE",NA,NA,NA,NA,NA,NA,NA,11.5,NA,1.83,15.22
"94","JOURNAL_OF_AMERICAN_FOLKLORE","0021-8715","1535-1882","AMER_FOLKLORE_SOC","English",NA,NA,NA,NA,NA,NA,NA,NA,NA,NA,NA,"Folklore",NA,NA,NA,NA,NA,"AHCI",NA,NA,NA,NA,NA,NA,696,0.7,NA,3.74,0
"95","NATURE_FOOD",NA,"2662-1355","NATURE_PORTFOLIO","English",NA,NA,NA,NA,NA,NA,NA,NA,NA,NA,NA,"FoodScience&Technology",NA,NA,NA,NA,NA,"SCIE",NA,NA,NA,NA,NA,NA,NA,23.2,NA,3.58,11.11
"96","CURRENT_FORESTRY_REPORTS","2198-6436","2198-6436","SPRINGER_INT_PUBL_AG","English",NA,NA,NA,NA,NA,NA,NA,NA,NA,NA,NA,"Forestry",NA,NA,NA,NA,NA,"SCIE",NA,NA,NA,NA,NA,NA,NA,9.5,NA,2.52,52.24
"97","NATURE_REVIEWS_GASTROENTEROLOGY_&_HEPATOLOGY","1759-5045","1759-5053","NATURE_PORTFOLIO","English",NA,NA,NA,NA,NA,NA,NA,NA,NA,NA,NA,"Gastroenterology&Hepatology",NA,NA,NA,NA,NA,"SCIE",NA,NA,NA,NA,NA,NA,NA,65.1,NA,9.19,4.94
"98","NATURE_REVIEWS_GENETICS","1471-0056","1471-0064","NATURE_PORTFOLIO","English",NA,NA,NA,NA,NA,NA,NA,NA,NA,NA,NA,"Genetics&Heredity",NA,NA,NA,NA,NA,"SCIE",NA,NA,NA,NA,NA,NA,NA,42.7,NA,6.24,5.84
"99","REVIEWS_OF_GEOPHYSICS","8755-1209","1944-9208","AMER_GEOPHYSICAL_UNION","English",NA,NA,NA,NA,NA,NA,NA,NA,NA,NA,NA,"Geochemistry&Geophysics",NA,NA,NA,NA,NA,"SCIE",NA,NA,NA,NA,NA,NA,NA,25.2,NA,2.5,50.75
"100","DIALOGUES_IN_HUMAN_GEOGRAPHY","2043-8206","2043-8214","SAGE_PUBLICATIONS_LTD","English",NA,NA,NA,NA,NA,NA,NA,NA,NA,NA,NA,"Geography",NA,NA,NA,NA,NA,"SSCI",NA,NA,NA,NA,NA,NA,NA,27.5,NA,2.68,36.73
"101","ISPRS_JOURNAL_OF_PHOTOGRAMMETRY_AND_REMOTE_SENSING","0924-2716","1872-8235","ELSEVIER","Multi-Language",NA,NA,NA,NA,NA,NA,NA,NA,NA,NA,NA,"Geography,Physical","Geosciences,Multidisciplinary","RemoteSensing","ImagingScience&PhotographicTechnology",NA,NA,"SCIE",NA,NA,NA,NA,NA,NA,NA,12.7,NA,2.58,25.94
"102","GEOLOGY","0091-7613","1943-2682","GEOLOGICAL_SOC_AMER,_INC","English",NA,NA,NA,NA,NA,NA,NA,NA,NA,NA,NA,"Geology",NA,NA,NA,NA,NA,"SCIE",NA,NA,NA,NA,NA,NA,NA,5.8,NA,2.78,39.2
"103","NATURE_GEOSCIENCE","1752-0894","1752-0908","NATURE_PORTFOLIO","English",NA,NA,NA,NA,NA,NA,NA,NA,NA,NA,NA,"Geosciences,Multidisciplinary",NA,NA,NA,NA,NA,"SCIE",NA,NA,NA,NA,NA,NA,NA,18.3,NA,4.82,10.27
"104","LANCET_HEALTHY_LONGEVITY","2666-7568","2666-7568","ELSEVIER","English",NA,NA,NA,NA,NA,NA,NA,NA,NA,NA,NA,"Geriatrics&Gerontology",NA,NA,NA,NA,NA,"ESCI","United_Kingdom","Anonymous_peer_review",12,"Yes","5500_USD","Yes",NA,13.1,NA,2.8,81.2
"105","INNOVATION_IN_AGING",NA,"2399-5300","OXFORD_UNIV_PRESS","English",NA,NA,NA,NA,NA,NA,NA,NA,NA,NA,NA,"Gerontology",NA,NA,NA,NA,NA,"SSCI","United_Kingdom","Double_anonymous_peer_review",15,"Yes","3615_USD","Yes",NA,7,NA,0.87,92.94
"106","NATURE_SUSTAINABILITY","2398-9629","2398-9629","NATURE_PORTFOLIO","English",NA,NA,NA,NA,NA,NA,NA,NA,NA,NA,NA,"Green&SustainableScience&Technology","EnvironmentalStudies",NA,NA,NA,NA,"SSCI",NA,NA,NA,NA,NA,NA,NA,27.6,NA,4.22,9.02
"107","NPJ_DIGITAL_MEDICINE","2398-6352","2398-6352","NATURE_PORTFOLIO","English",NA,NA,NA,NA,NA,NA,NA,NA,NA,NA,NA,"HealthCareSciences&Services","MedicalInformatics",NA,NA,NA,NA,"SCIE","United_Kingdom","Anonymous_peer_review",15,"Yes","2790_GBP;_3790_USD;_3090_EUR","Yes",NA,15.2,NA,3.5,99.33
"108","HEALTH_AFFAIRS","0278-2715","0278-2715","PROJECT_HOPE","English",NA,NA,NA,NA,NA,NA,NA,NA,NA,NA,NA,"HealthPolicy&Services",NA,NA,NA,NA,NA,"SSCI",NA,NA,NA,NA,NA,NA,NA,9.7,NA,2.89,12.68
"109","LANCET_HAEMATOLOGY","2352-3026","2352-3026","ELSEVIER_SCI_LTD","English",NA,NA,NA,NA,NA,NA,NA,NA,NA,NA,NA,"Hematology",NA,NA,NA,NA,NA,"SCIE",NA,NA,NA,NA,NA,NA,NA,24.7,NA,4.26,9.81
"110","ECONOMIC_HISTORY_REVIEW","0013-0117","1468-0289","WILEY","English",NA,NA,NA,NA,NA,NA,NA,NA,NA,NA,NA,"History","Economics","HistoryOfSocialSciences",NA,NA,NA,"SSCI",NA,NA,NA,NA,NA,NA,NA,2.2,NA,3.12,32.53
"111","AGRICULTURE_AND_HUMAN_VALUES","0889-048X","1572-8366","SPRINGER","English",NA,NA,NA,NA,NA,NA,NA,NA,NA,NA,NA,"History&PhilosophyOfScience","Sociology",NA,NA,NA,NA,"SSCI",NA,NA,NA,NA,NA,NA,NA,4.5,NA,1.73,35.79
"112","PLANNING_PERSPECTIVES","0266-5433","1466-4518","ROUTLEDGE_JOURNALS,_TAYLOR_&_FRANCIS_LTD","English",NA,NA,NA,NA,NA,NA,NA,NA,NA,NA,NA,"HistoryOfSocialSciences",NA,NA,NA,NA,NA,"SSCI",NA,NA,NA,NA,NA,NA,673,0.8,NA,1.49,20.32
"113","SCIENTIA_HORTICULTURAE","0304-4238","1879-1018","ELSEVIER","English",NA,NA,NA,NA,NA,NA,NA,NA,NA,NA,NA,"Horticulture",NA,NA,NA,NA,NA,"SCIE",NA,NA,NA,NA,NA,NA,NA,4.3,NA,1.43,8.36
"114","ANNALS_OF_TOURISM_RESEARCH","0160-7383","1873-7722","PERGAMON-ELSEVIER_SCIENCE_LTD","Multi-Language",NA,NA,NA,NA,NA,NA,NA,NA,NA,NA,NA,"Hospitality,Leisure,Sport&Tourism","Sociology",NA,NA,NA,NA,"SSCI",NA,NA,NA,NA,NA,NA,NA,13.2,NA,3.56,17.96
"115","SIGN_SYSTEMS_STUDIES","1406-4243","1736-7409","TARTU_UNIV_PRESS","English",NA,NA,NA,NA,NA,NA,NA,NA,NA,NA,NA,"Humanities,Multidisciplinary",NA,NA,NA,NA,NA,"AHCI","Estonia","Double_anonymous_peer_review",8,"No",NA,"No",851,2.2,NA,3.35,100
"116","JOURNAL_OF_IMAGING",NA,"2313-433X","MDPI","English",NA,NA,NA,NA,NA,NA,NA,NA,NA,NA,NA,"ImagingScience&PhotographicTechnology",NA,NA,NA,NA,NA,"ESCI","Switzerland","Anonymous_peer_review",6,"Yes","1800_CHF","Yes",NA,3.2,NA,0.53,99.6
"117","NATURE_REVIEWS_IMMUNOLOGY","1474-1733","1474-1741","NATURE_PORTFOLIO","English",NA,NA,NA,NA,NA,NA,NA,NA,NA,NA,NA,"Immunology",NA,NA,NA,NA,NA,"SCIE",NA,NA,NA,NA,NA,NA,NA,100.3,NA,8.11,1.65
"118","HUMAN_RESOURCE_MANAGEMENT_JOURNAL","0954-5395","1748-8583","WILEY","English",NA,NA,NA,NA,NA,NA,NA,NA,NA,NA,NA,"IndustrialRelations&Labor","Management",NA,NA,NA,NA,"SSCI",NA,NA,NA,NA,NA,NA,NA,5.5,NA,1.48,32.65
"119","LANCET_INFECTIOUS_DISEASES","1473-3099","1474-4457","ELSEVIER_SCI_LTD","English",NA,NA,NA,NA,NA,NA,NA,NA,NA,NA,NA,"InfectiousDiseases",NA,NA,NA,NA,NA,"SCIE",NA,NA,NA,NA,NA,NA,NA,56.3,NA,7.69,27.88
"120","INTERNATIONAL_JOURNAL_OF_INFORMATION_MANAGEMENT","0268-4012","1873-4707","ELSEVIER_SCI_LTD","English",NA,NA,NA,NA,NA,NA,NA,NA,NA,NA,NA,"InformationScience&LibraryScience",NA,NA,NA,NA,NA,"SSCI",NA,NA,NA,NA,NA,NA,NA,21,NA,5.72,17.02
"121","APPLIED_SPECTROSCOPY_REVIEWS","0570-4928","1520-569X","TAYLOR_&_FRANCIS_INC","English",NA,NA,NA,NA,NA,NA,NA,NA,NA,NA,NA,"Instruments&Instrumentation","Spectroscopy",NA,NA,NA,NA,"SCIE",NA,NA,NA,NA,NA,NA,NA,6.1,NA,0.67,9.85
"122","AMERICAN_JOURNAL_OF_CHINESE_MEDICINE","0192-415X","1793-6853","WORLD_SCIENTIFIC_PUBL_CO_PTE_LTD","English",NA,NA,NA,NA,NA,NA,NA,NA,NA,NA,NA,"Integrative&ComplementaryMedicine","Medicine,General&Internal",NA,NA,NA,NA,"SCIE",NA,NA,NA,NA,NA,NA,NA,5.7,NA,1.63,1.99
"123","INTERNATIONAL_ORGANIZATION","0020-8183","1531-5088","CAMBRIDGE_UNIV_PRESS","English",NA,NA,NA,NA,NA,NA,NA,NA,NA,NA,NA,"InternationalRelations","PoliticalScience",NA,NA,NA,NA,"SSCI",NA,NA,NA,NA,NA,NA,NA,7.8,NA,3.87,8.47
"124","JOURNAL_OF_LANGUAGE_EVOLUTION","2058-4571","2058-458X","OXFORD_UNIV_PRESS","English",NA,NA,NA,NA,NA,NA,NA,NA,NA,NA,NA,"Language&Linguistics",NA,NA,NA,NA,NA,"ESCI",NA,NA,NA,NA,NA,NA,149,2.6,NA,2.74,37.04
"125","EUROPEAN_JOURNAL_OF_PSYCHOLOGY_APPLIED_TO_LEGAL_CONTEXT","1889-1861","1989-4007","COLEGIO_OFICIAL_PSICOLOGOS_MADRID","English",NA,NA,NA,NA,NA,NA,NA,NA,NA,NA,NA,"Law","Psychology,Multidisciplinary",NA,NA,NA,NA,"SSCI","Spain","Double_anonymous_peer_review",12,"No",NA,"No",530,9.5,NA,7.4,100
"126","LIMNOLOGY_AND_OCEANOGRAPHY_LETTERS",NA,"2378-2242","WILEY","English",NA,NA,NA,NA,NA,NA,NA,NA,NA,NA,NA,"Limnology","Oceanography",NA,NA,NA,NA,"SCIE","United_States","Anonymous_peer_review",25,"Yes","3200_USD;_2030_GBP;_2560_EUR","Yes",NA,7.8,NA,1.91,75.34
"127","TRANSACTIONS_OF_THE_ASSOCIATION_FOR_COMPUTATIONAL_LINGUISTICS",NA,"2307-387X","MIT_PRESS","English",NA,NA,NA,NA,NA,NA,NA,NA,NA,NA,NA,"Linguistics",NA,NA,NA,NA,NA,"SSCI","United_States","Double_anonymous_peer_review",8,"No",NA,"No",NA,10.9,NA,6.95,98.24
"128","PARIS_REVIEW","0031-2037","0031-2037","PARIS_REVIEW","English",NA,NA,NA,NA,NA,NA,NA,NA,NA,NA,NA,"LiteraryReviews",NA,NA,NA,NA,NA,"AHCI",NA,NA,NA,NA,NA,NA,125,0.7,NA,0,0
"129","STYLE","0039-4238","2374-6629","PENN_STATE_UNIV_PRESS","English",NA,NA,NA,NA,NA,NA,NA,NA,NA,NA,NA,"LiteraryTheory&Criticism","Language&Linguistics","Literature",NA,NA,NA,"AHCI",NA,NA,NA,NA,NA,NA,426,0.8,NA,2.86,0
"130","REVIEW_OF_ENGLISH_STUDIES","0034-6551","1471-6968","OXFORD_UNIV_PRESS","English",NA,NA,NA,NA,NA,NA,NA,NA,NA,NA,NA,"Literature",NA,NA,NA,NA,NA,"AHCI",NA,NA,NA,NA,NA,NA,730,1.2,NA,1.53,18.84
"131","CANADIAN_LITERATURE","0008-4360","0008-4360","UNIV_BRITISH_COLUMBIA","Multi-Language",NA,NA,NA,NA,NA,NA,NA,NA,NA,NA,NA,"Literature,African,Australian,Canadian",NA,NA,NA,NA,NA,"AHCI",NA,NA,NA,NA,NA,NA,122,0.3,NA,0.88,0
"132","MARK_TWAIN_ANNUAL","1553-0981","1756-2597","PENN_STATE_UNIV_PRESS","English",NA,NA,NA,NA,NA,NA,NA,NA,NA,NA,NA,"Literature,American",NA,NA,NA,NA,NA,"ESCI",NA,NA,NA,NA,NA,NA,38,0.7,NA,1.53,0
"133","DICKENS_STUDIES_ANNUAL","0084-9812","2167-8510","PENN_STATE_UNIV_PRESS","English",NA,NA,NA,NA,NA,NA,NA,NA,NA,NA,NA,"Literature,BritishIsles",NA,NA,NA,NA,NA,"ESCI",NA,NA,NA,NA,NA,NA,97,0.8,NA,2.57,0
"134","SEMINAR-A_JOURNAL_OF_GERMANIC_STUDIES","0037-1939","1911-026X","UNIV_TORONTO_PRESS_INC","Multi-Language",NA,NA,NA,NA,NA,NA,NA,NA,NA,NA,NA,"Literature,German,Dutch,Scandinavian",NA,NA,NA,NA,NA,"AHCI",NA,NA,NA,NA,NA,NA,176,0.6,NA,1.17,0
"135","NUEVA_REVISTA_FILOLOGIA_HISPANICA","0185-0121","2448-6558","COLEGIO_MEXICO,_A_C,_DEPT_PUBLICACIONES","Spanish",NA,NA,NA,NA,NA,NA,NA,NA,NA,NA,NA,"Literature,Romance",NA,NA,NA,NA,NA,"ESCI","Mexico","Double_anonymous_peer_review",24,"No",NA,"No",200,0.4,NA,3.17,98.33
"136","COMEDIA_PERFORMANCE","1553-6505","2572-4428","PENN_STATE_UNIV_PRESS","Multi-Language",NA,NA,NA,NA,NA,NA,NA,NA,NA,NA,NA,"Literature,Romance","Theater",NA,NA,NA,NA,"ESCI",NA,NA,NA,NA,NA,NA,3,0.4,NA,0.74,0
"137","NEIZVESTNYI_DOSTOEVSKII-THE_UNKNOWN_DOSTOEVSKY",NA,"2409-5788","PETROZAVODSK_STATE_UNIV","English","Russian",NA,NA,NA,NA,NA,NA,NA,NA,NA,NA,"Literature,Slavic",NA,NA,NA,NA,NA,"ESCI","Russian_Federation","Double_anonymous_peer_review",6,"No",NA,"No",83,0.4,NA,6.44,84.11
"138","LOGICA_UNIVERSALIS","1661-8297","1661-8300","SPRINGER_BASEL_AG","English",NA,NA,NA,NA,NA,NA,NA,NA,NA,NA,NA,"Logic",NA,NA,NA,NA,NA,"SCIE",NA,NA,NA,NA,NA,NA,160,0.8,NA,0.88,23.68
"139","TECHNOVATION","0166-4972","1879-2383","ELSEVIER","English",NA,NA,NA,NA,NA,NA,NA,NA,NA,NA,NA,"Management",NA,NA,NA,NA,NA,"SSCI",NA,NA,NA,NA,NA,NA,NA,12.5,NA,2.13,23.97
"140","HARMFUL_ALGAE","1568-9883","1878-1470","ELSEVIER","English",NA,NA,NA,NA,NA,NA,NA,NA,NA,NA,NA,"Marine&FreshwaterBiology",NA,NA,NA,NA,NA,"SCIE",NA,NA,NA,NA,NA,NA,NA,6.6,NA,1.97,32.82
"141","JOURNAL_OF_MATERIALS_CHEMISTRY_B","2050-750X","2050-7518","ROYAL_SOC_CHEMISTRY","English",NA,NA,NA,NA,NA,NA,NA,NA,NA,NA,NA,"MaterialsScience,Biomaterials",NA,NA,NA,NA,NA,"SCIE",NA,NA,NA,NA,NA,NA,NA,7,NA,1,5.41
"142","JOURNAL_OF_ADVANCED_CERAMICS","2226-4108","2227-8508","TSINGHUA_UNIV_PRESS","English",NA,NA,NA,NA,NA,NA,NA,NA,NA,NA,NA,"MaterialsScience,Ceramics",NA,NA,NA,NA,NA,"SCIE","China","Anonymous_peer_review",12,"Yes","2200_EUR","No",NA,16.9,NA,2.83,100
"143","POLYMER_TESTING","0142-9418","1873-2348","ELSEVIER_SCI_LTD","Multi-Language",NA,NA,NA,NA,NA,NA,NA,NA,NA,NA,NA,"MaterialsScience,Characterization,Testing","PolymerScience",NA,NA,NA,NA,"SCIE","United_Kingdom","Anonymous_peer_review",17,"Yes","2200_USD","Yes",NA,5.1,NA,1.3,56.91
"144","SURFACE_&_COATINGS_TECHNOLOGY","0257-8972","1879-3347","ELSEVIER_SCIENCE_SA","Multi-Language",NA,NA,NA,NA,NA,NA,NA,NA,NA,NA,NA,"MaterialsScience,Coatings&Films","Physics,Applied",NA,NA,NA,NA,"SCIE",NA,NA,NA,NA,NA,NA,NA,5.4,NA,1.04,8.28
"145","COMPOSITES_SCIENCE_AND_TECHNOLOGY","0266-3538","1879-1050","ELSEVIER_SCI_LTD","English",NA,NA,NA,NA,NA,NA,NA,NA,NA,NA,NA,"MaterialsScience,Composites",NA,NA,NA,NA,NA,"SCIE",NA,NA,NA,NA,NA,NA,NA,9.1,NA,1.53,9.94
"146","PROGRESS_IN_MATERIALS_SCIENCE","0079-6425","1873-2208","PERGAMON-ELSEVIER_SCIENCE_LTD","English",NA,NA,NA,NA,NA,NA,NA,NA,NA,NA,NA,"MaterialsScience,Multidisciplinary",NA,NA,NA,NA,NA,"SCIE",NA,NA,NA,NA,NA,NA,NA,37.4,NA,2.54,20.08
"147","CELLULOSE","0969-0239","1572-882X","SPRINGER","English",NA,NA,NA,NA,NA,NA,NA,NA,NA,NA,NA,"MaterialsScience,Paper&Wood","MaterialsScience,Textiles","PolymerScience",NA,NA,NA,"SCIE",NA,NA,NA,NA,NA,NA,NA,5.7,NA,1.57,13.03
"148","JOURNAL_OF_NATURAL_FIBERS","1544-0478","1544-046X","TAYLOR_&_FRANCIS_INC","English",NA,NA,NA,NA,NA,NA,NA,NA,NA,NA,NA,"MaterialsScience,Textiles",NA,NA,NA,NA,NA,"SCIE","United_Kingdom","Double_anonymous_peer_review",21,"Yes","3060_AUD;_2110_EUR;_1756_GBP;_2195_USD","Yes",NA,3.5,NA,1.01,5.39
"149","RESEARCH_SYNTHESIS_METHODS","1759-2879","1759-2887","WILEY","English",NA,NA,NA,NA,NA,NA,NA,NA,NA,NA,NA,"Mathematical&ComputationalBiology","MultidisciplinarySciences",NA,NA,NA,NA,"SCIE",NA,NA,NA,NA,NA,NA,NA,9.8,NA,2,43.07
"150","ACTA_NUMERICA","0962-4929","1474-0508","CAMBRIDGE_UNIV_PRESS","English",NA,NA,NA,NA,NA,NA,NA,NA,NA,NA,NA,"Mathematics",NA,NA,NA,NA,NA,"SCIE",NA,NA,NA,NA,NA,NA,NA,14.2,NA,11.36,27.78
"151","SIAM_REVIEW","0036-1445","1095-7200","SIAM_PUBLICATIONS","English",NA,NA,NA,NA,NA,NA,NA,NA,NA,NA,NA,"Mathematics,Applied",NA,NA,NA,NA,NA,"SCIE",NA,NA,NA,NA,NA,NA,NA,10.2,NA,5.03,10.96
"152","ANNUAL_REVIEW_OF_STATISTICS_AND_ITS_APPLICATION","2326-8298","2326-831X","ANNUAL_REVIEWS","English",NA,NA,NA,NA,NA,NA,NA,NA,NA,NA,NA,"Mathematics,InterdisciplinaryApplications","Statistics&Probability",NA,NA,NA,NA,"SCIE",NA,NA,NA,NA,NA,NA,NA,7.9,NA,3.25,3.28
"153","ANNUAL_REVIEW_OF_FLUID_MECHANICS","0066-4189","1545-4479","ANNUAL_REVIEWS","English",NA,NA,NA,NA,NA,NA,NA,NA,NA,NA,NA,"Mechanics","Physics,Fluids&Plasmas",NA,NA,NA,NA,"SCIE",NA,NA,NA,NA,NA,NA,NA,27.7,NA,2.56,0
"154","ACCOUNTABILITY_IN_RESEARCH-ETHICS_INTEGRITY_AND_POLICY","0898-9621","1545-5815","TAYLOR_&_FRANCIS_INC","English",NA,NA,NA,NA,NA,NA,NA,NA,NA,NA,NA,"MedicalEthics",NA,NA,NA,NA,NA,"SCIE",NA,NA,NA,NA,NA,NA,NA,3.4,NA,0.84,21.33
"155","LANCET_DIGITAL_HEALTH",NA,"2589-7500","ELSEVIER","English",NA,NA,NA,NA,NA,NA,NA,NA,NA,NA,NA,"MedicalInformatics","Medicine,General&Internal",NA,NA,NA,NA,"SCIE","United_Kingdom","Anonymous_peer_review",13,"Yes","5780_USD","Yes",NA,30.8,NA,4.94,94.71
"156","CRITICAL_REVIEWS_IN_CLINICAL_LABORATORY_SCIENCES","1040-8363","1549-781X","TAYLOR_&_FRANCIS_LTD","English",NA,NA,NA,NA,NA,NA,NA,NA,NA,NA,NA,"MedicalLaboratoryTechnology",NA,NA,NA,NA,NA,"SCIE",NA,NA,NA,NA,NA,NA,NA,10,NA,1.16,12.84
"157","LANCET","0140-6736","1474-547X","ELSEVIER_SCIENCE_INC","English",NA,NA,NA,NA,NA,NA,NA,NA,NA,NA,NA,"Medicine,General&Internal",NA,NA,NA,NA,NA,"SCIE",NA,NA,NA,NA,NA,NA,NA,168.9,NA,21.68,26.22
"158","REGULATORY_TOXICOLOGY_AND_PHARMACOLOGY","0273-2300","1096-0295","ACADEMIC_PRESS_INC_ELSEVIER_SCIENCE","English",NA,NA,NA,NA,NA,NA,NA,NA,NA,NA,NA,"Medicine,Legal","Pharmacology&Pharmacy","Toxicology",NA,NA,NA,"SCIE",NA,NA,NA,NA,NA,NA,NA,3.4,NA,1.04,40.43
"159","MED","2666-6340","2666-6340","CELL_PRESS","English",NA,NA,NA,NA,NA,NA,NA,NA,NA,NA,NA,"Medicine,Research&Experimental",NA,NA,NA,NA,NA,"ESCI",NA,NA,NA,NA,NA,NA,NA,17,NA,4.92,67.5
"160","SPECULUM-A_JOURNAL_OF_MEDIEVAL_STUDIES","0038-7134","2040-8072","UNIV_CHICAGO_PRESS","English",NA,NA,NA,NA,NA,NA,NA,NA,NA,NA,NA,"Medieval&RenaissanceStudies",NA,NA,NA,NA,NA,"AHCI",NA,NA,NA,NA,NA,NA,767,1.3,NA,6.43,3.77
"161","JOURNAL_OF_MAGNESIUM_AND_ALLOYS","2213-9567","2213-9567","KEAI_PUBLISHING_LTD","English",NA,NA,NA,NA,NA,NA,NA,NA,NA,NA,NA,"Metallurgy&MetallurgicalEngineering",NA,NA,NA,NA,NA,"SCIE","China","Anonymous_peer_review",24,"Yes","1500_USD","Yes",NA,17.6,NA,2.64,92.18
"162","CURRENT_CLIMATE_CHANGE_REPORTS","2198-6061","2198-6061","SPRINGER_HEIDELBERG","English",NA,NA,NA,NA,NA,NA,NA,NA,NA,NA,NA,"Meteorology&AtmosphericSciences",NA,NA,NA,NA,NA,"SCIE",NA,NA,NA,NA,NA,NA,NA,9.5,NA,1.91,46.67
"163","NATURE_REVIEWS_MICROBIOLOGY","1740-1526","1740-1534","NATURE_PORTFOLIO","English",NA,NA,NA,NA,NA,NA,NA,NA,NA,NA,NA,"Microbiology",NA,NA,NA,NA,NA,"SCIE",NA,NA,NA,NA,NA,NA,NA,88.1,NA,6.76,4.17
"164","MICRON","0968-4328","1878-4291","PERGAMON-ELSEVIER_SCIENCE_LTD","English",NA,NA,NA,NA,NA,NA,NA,NA,NA,NA,NA,"Microscopy",NA,NA,NA,NA,NA,"SCIE",NA,NA,NA,NA,NA,NA,NA,2.4,NA,1.04,15.19
"165","MINERALOGICAL_MAGAZINE","0026-461X","1471-8022","CAMBRIDGE_UNIV_PRESS","English",NA,NA,NA,NA,NA,NA,NA,NA,NA,NA,NA,"Mineralogy",NA,NA,NA,NA,NA,"SCIE",NA,NA,NA,NA,NA,NA,NA,2.7,NA,0.72,25.76
"166","INTERNATIONAL_JOURNAL_OF_MINING_SCIENCE_AND_TECHNOLOGY","2095-2686","2212-6066","ELSEVIER","English",NA,NA,NA,NA,NA,NA,NA,NA,NA,NA,NA,"Mining&MineralProcessing",NA,NA,NA,NA,NA,"SCIE","Netherlands","Double_anonymous_peer_review",40,"No",NA,"Yes",NA,11.8,NA,3.15,92.99
"167","NATURE","0028-0836","1476-4687","NATURE_PORTFOLIO","English",NA,NA,NA,NA,NA,NA,NA,NA,NA,NA,NA,"MultidisciplinarySciences",NA,NA,NA,NA,NA,"SCIE",NA,NA,NA,NA,NA,NA,NA,64.8,NA,11.43,19.06
"168","RESEARCH_STUDIES_IN_MUSIC_EDUCATION","1321-103X","1834-5530","SAGE_PUBLICATIONS_LTD","English",NA,NA,NA,NA,NA,NA,NA,NA,NA,NA,NA,"Music",NA,NA,NA,NA,NA,"ESCI",NA,NA,NA,NA,NA,NA,586,1.6,NA,3.03,14.17
"169","FUNGAL_DIVERSITY","1560-2745","1878-9129","SPRINGER","English",NA,NA,NA,NA,NA,NA,NA,NA,NA,NA,NA,"Mycology",NA,NA,NA,NA,NA,"SCIE",NA,NA,NA,NA,NA,NA,NA,20.3,NA,6.25,33.33
"170","NATURE_REVIEWS_MATERIALS","2058-8437","2058-8437","NATURE_PORTFOLIO","English",NA,NA,NA,NA,NA,NA,NA,NA,NA,NA,NA,"Nanoscience&Nanotechnology","MaterialsScience,Multidisciplinary",NA,NA,NA,NA,"SCIE",NA,NA,NA,NA,NA,NA,NA,83.5,NA,3.89,1.8
"171","JOURNAL_OF_NEUROINTERVENTIONAL_SURGERY","1759-8478","1759-8486","BMJ_PUBLISHING_GROUP","English",NA,NA,NA,NA,NA,NA,NA,NA,NA,NA,NA,"Neuroimaging","Surgery",NA,NA,NA,NA,"SCIE",NA,NA,NA,NA,NA,NA,NA,4.9,NA,1.97,16.37
"172","NATURE_REVIEWS_NEUROSCIENCE","1471-003X","1471-0048","NATURE_PORTFOLIO","English",NA,NA,NA,NA,NA,NA,NA,NA,NA,NA,NA,"Neurosciences",NA,NA,NA,NA,NA,"SCIE",NA,NA,NA,NA,NA,NA,NA,34.7,NA,4.35,2.11
"173","NUCLEAR_SCIENCE_AND_TECHNIQUES","1001-8042","2210-3147","SPRINGER_SINGAPORE_PTE_LTD","English",NA,NA,NA,NA,NA,NA,NA,NA,NA,NA,NA,"NuclearScience&Technology","Physics,Nuclear",NA,NA,NA,NA,"SCIE",NA,NA,NA,NA,NA,NA,NA,2.8,NA,1.03,5.5
"174","INTERNATIONAL_JOURNAL_OF_NURSING_STUDIES","0020-7489","1873-491X","PERGAMON-ELSEVIER_SCIENCE_LTD","English",NA,NA,NA,NA,NA,NA,NA,NA,NA,NA,NA,"Nursing",NA,NA,NA,NA,NA,"SSCI",NA,NA,NA,NA,NA,NA,NA,8.1,NA,3.07,21.31
"175","ADVANCES_IN_NUTRITION","2161-8313","2156-5376","ELSEVIER_SCIENCE_INC","English",NA,NA,NA,NA,NA,NA,NA,NA,NA,NA,NA,"Nutrition&Dietetics",NA,NA,NA,NA,NA,"SCIE",NA,NA,NA,NA,NA,NA,NA,9.3,NA,1.49,79.21
"176","HUMAN_REPRODUCTION_UPDATE","1355-4786","1460-2369","OXFORD_UNIV_PRESS","English",NA,NA,NA,NA,NA,NA,NA,NA,NA,NA,NA,"Obstetrics&Gynecology","ReproductiveBiology",NA,NA,NA,NA,"SCIE",NA,NA,NA,NA,NA,NA,NA,13.3,NA,3.47,25.17
"177","OCEAN_&_COASTAL_MANAGEMENT","0964-5691","1873-524X","ELSEVIER_SCI_LTD","English",NA,NA,NA,NA,NA,NA,NA,NA,NA,NA,NA,"Oceanography","WaterResources",NA,NA,NA,NA,"SCIE",NA,NA,NA,NA,NA,NA,NA,4.6,NA,1.37,17.46
"178","CA-A_CANCER_JOURNAL_FOR_CLINICIANS","0007-9235","1542-4863","WILEY","English",NA,NA,NA,NA,NA,NA,NA,NA,NA,NA,NA,"Oncology",NA,NA,NA,NA,NA,"SCIE",NA,NA,NA,NA,NA,NA,NA,254.7,NA,130.54,92.31
"179","EUROPEAN_JOURNAL_OF_OPERATIONAL_RESEARCH","0377-2217","1872-6860","ELSEVIER","English",NA,NA,NA,NA,NA,NA,NA,NA,NA,NA,NA,"OperationsResearch&ManagementScience",NA,NA,NA,NA,NA,"SCIE",NA,NA,NA,NA,NA,NA,NA,6.4,NA,1.44,19.21
"180","PROGRESS_IN_RETINAL_AND_EYE_RESEARCH","1350-9462","1873-1635","PERGAMON-ELSEVIER_SCIENCE_LTD","English",NA,NA,NA,NA,NA,NA,NA,NA,NA,NA,NA,"Ophthalmology",NA,NA,NA,NA,NA,"SCIE",NA,NA,NA,NA,NA,NA,NA,17.8,NA,4.32,28.76
"181","NATURE_PHOTONICS","1749-4885","1749-4893","NATURE_PORTFOLIO","English",NA,NA,NA,NA,NA,NA,NA,NA,NA,NA,NA,"Optics","Physics,Applied",NA,NA,NA,NA,"SCIE",NA,NA,NA,NA,NA,NA,NA,34.9,NA,8.69,7.47
"182","ORNITHOLOGICAL_APPLICATIONS","0010-5422","2732-4621","OXFORD_UNIV_PRESS_INC","English",NA,NA,NA,NA,NA,NA,NA,NA,NA,NA,NA,"Ornithology",NA,NA,NA,NA,NA,"SCIE",NA,NA,NA,NA,NA,NA,NA,3.1,NA,1.8,21.67
"183","JOURNAL_OF_PHYSIOTHERAPY","1836-9553","1836-9561","AUSTRALIAN_PHYSIOTHERAPY_ASSOC","English",NA,NA,NA,NA,NA,NA,NA,NA,NA,NA,NA,"Orthopedics","Rehabilitation",NA,NA,NA,NA,"SCIE","Australia","Double_anonymous_peer_review",6,"No",NA,"Yes",NA,12.1,NA,2.97,97.3
"184","JAMA_OTOLARYNGOLOGY-HEAD_&_NECK_SURGERY","2168-6181","2168-619X","AMER_MEDICAL_ASSOC","English",NA,NA,NA,NA,NA,NA,NA,NA,NA,NA,NA,"Otorhinolaryngology","Surgery",NA,NA,NA,NA,"SCIE",NA,NA,NA,NA,NA,NA,NA,7.8,NA,2.66,3.94
"185","SWISS_JOURNAL_OF_PALAEONTOLOGY","1664-2376","1664-2384","SPRINGER_INT_PUBL_AG","English",NA,NA,NA,NA,NA,NA,NA,NA,NA,NA,NA,"Paleontology",NA,NA,NA,NA,NA,"SCIE","United_Kingdom","Anonymous_peer_review",4,"Yes","890_GBP;_1340_USD;_1040_EUR","Yes",274,3,NA,1.23,100
"186","TRENDS_IN_PARASITOLOGY","1471-4922","1471-5007","CELL_PRESS","English",NA,NA,NA,NA,NA,NA,NA,NA,NA,NA,NA,"Parasitology",NA,NA,NA,NA,NA,"SCIE",NA,NA,NA,NA,NA,NA,NA,9.6,NA,1.09,40
"187","ANNUAL_REVIEW_OF_PATHOLOGY-MECHANISMS_OF_DISEASE","1553-4006","1553-4014","ANNUAL_REVIEWS","English",NA,NA,NA,NA,NA,NA,NA,NA,NA,NA,NA,"Pathology",NA,NA,NA,NA,NA,"SCIE",NA,NA,NA,NA,NA,NA,NA,36.2,NA,5.78,3.17
"188","LANCET_CHILD_&_ADOLESCENT_HEALTH","2352-4642","2352-4642","ELSEVIER_SCI_LTD","English",NA,NA,NA,NA,NA,NA,NA,NA,NA,NA,NA,"Pediatrics",NA,NA,NA,NA,NA,"SCIE",NA,NA,NA,NA,NA,NA,NA,36.4,NA,8.44,19.21
"189","ANGIOGENESIS","0969-6970","1573-7209","SPRINGER","English",NA,NA,NA,NA,NA,NA,NA,NA,NA,NA,NA,"PeripheralVascularDiseases",NA,NA,NA,NA,NA,"SCIE",NA,NA,NA,NA,NA,NA,NA,9.8,NA,1.86,42.18
"190","DRUG_RESISTANCE_UPDATES","1368-7646","1532-2084","CHURCHILL_LIVINGSTONE","English",NA,NA,NA,NA,NA,NA,NA,NA,NA,NA,NA,"Pharmacology&Pharmacy",NA,NA,NA,NA,NA,"SCIE",NA,NA,NA,NA,NA,NA,NA,24.3,NA,3.09,36.25
"191","PHILOSOPHICAL_REVIEW","0031-8108","1558-1470","DUKE_UNIV_PRESS","English",NA,NA,NA,NA,NA,NA,NA,NA,NA,NA,NA,"Philosophy",NA,NA,NA,NA,NA,"AHCI",NA,NA,NA,NA,NA,NA,NA,3.5,NA,5.88,0
"192","NATURE_REVIEWS_PHYSICS",NA,"2522-5820","NATURE_PORTFOLIO","English",NA,NA,NA,NA,NA,NA,NA,NA,NA,NA,NA,"Physics,Applied","Physics,Multidisciplinary",NA,NA,NA,NA,"SCIE",NA,NA,NA,NA,NA,NA,NA,38.5,NA,2.6,1.48
"193","ATOMIC_DATA_AND_NUCLEAR_DATA_TABLES","0092-640X","1090-2090","ACADEMIC_PRESS_INC_ELSEVIER_SCIENCE","English",NA,NA,NA,NA,NA,NA,NA,NA,NA,NA,NA,"Physics,Atomic,Molecular&Chemical","Physics,Nuclear",NA,NA,NA,NA,"SCIE",NA,NA,NA,NA,NA,NA,NA,1.8,NA,0.93,18.06
"194","INTERNATIONAL_JOURNAL_OF_MASS_SPECTROMETRY","1387-3806","1873-2798","ELSEVIER","English",NA,NA,NA,NA,NA,NA,NA,NA,NA,NA,NA,"Physics,Atomic,Molecular&Chemical","Spectroscopy",NA,NA,NA,NA,"SCIE",NA,NA,NA,NA,NA,NA,NA,1.8,NA,0.61,24.75
"195","ATOMS",NA,"2218-2004","MDPI","English",NA,NA,NA,NA,NA,NA,NA,NA,NA,NA,NA,"Physics,Atomic,Molecular&Chemical",NA,NA,NA,NA,NA,"ESCI","Switzerland","Anonymous_peer_review",6,"Yes","1500_CHF","Yes",913,1.8,NA,0.48,99.15
"196","ADVANCES_IN_PHYSICS","0001-8732","1460-6976","TAYLOR_&_FRANCIS_LTD","English",NA,NA,NA,NA,NA,NA,NA,NA,NA,NA,NA,"Physics,CondensedMatter",NA,NA,NA,NA,NA,"SCIE",NA,NA,NA,NA,NA,NA,NA,54.8,NA,1.37,0
"197","PLASMA_SOURCES_SCIENCE_&_TECHNOLOGY","0963-0252","1361-6595","IOP_PUBLISHING_LTD","English",NA,NA,NA,NA,NA,NA,NA,NA,NA,NA,NA,"Physics,Fluids&Plasmas",NA,NA,NA,NA,NA,"SCIE",NA,NA,NA,NA,NA,NA,NA,3.8,NA,1.21,19.66
"198","COMMUNICATIONS_IN_COMPUTATIONAL_PHYSICS","1815-2406","1991-7120","GLOBAL_SCIENCE_PRESS","English",NA,NA,NA,NA,NA,NA,NA,NA,NA,NA,NA,"Physics,Mathematical",NA,NA,NA,NA,NA,"SCIE",NA,NA,NA,NA,NA,NA,NA,3.7,NA,0.84,0
"199","REVIEWS_OF_MODERN_PHYSICS","0034-6861","1539-0756","AMER_PHYSICAL_SOC","English",NA,NA,NA,NA,NA,NA,NA,NA,NA,NA,NA,"Physics,Multidisciplinary",NA,NA,NA,NA,NA,"SCIE",NA,NA,NA,NA,NA,NA,NA,44,NA,4.8,11.22
"200","ANNUAL_REVIEW_OF_NUCLEAR_AND_PARTICLE_SCIENCE","0163-8998","1545-4134","ANNUAL_REVIEWS","English",NA,NA,NA,NA,NA,NA,NA,NA,NA,NA,NA,"Physics,Nuclear","Physics,Particles&Fields",NA,NA,NA,NA,"SCIE",NA,NA,NA,NA,NA,NA,NA,12.3,NA,2.16,68.52
"201","LIVING_REVIEWS_IN_RELATIVITY","2367-3613","1433-8351","SPRINGER_INT_PUBL_AG","English",NA,NA,NA,NA,NA,NA,NA,NA,NA,NA,NA,"Physics,Particles&Fields",NA,NA,NA,NA,NA,"SCIE","Germany","Anonymous_peer_review",20,"No",NA,"No",NA,40.6,NA,6.34,100
"202","PHYSIOLOGICAL_REVIEWS","0031-9333","1522-1210","AMER_PHYSIOLOGICAL_SOC","English",NA,NA,NA,NA,NA,NA,NA,NA,NA,NA,NA,"Physiology",NA,NA,NA,NA,NA,"SCIE",NA,NA,NA,NA,NA,NA,NA,33.6,NA,5.59,18.64
"203","ANNUAL_REVIEW_OF_PLANT_BIOLOGY","1543-5008","1545-2123","ANNUAL_REVIEWS","English",NA,NA,NA,NA,NA,NA,NA,NA,NA,NA,NA,"PlantSciences",NA,NA,NA,NA,NA,"SCIE",NA,NA,NA,NA,NA,NA,NA,23.9,NA,2.58,1.14
"204","AMERICAN_POETRY_REVIEW","0360-3709","2162-4984","OLD_CITY_PUBLISHING_INC","English",NA,NA,NA,NA,NA,NA,NA,NA,NA,NA,NA,"Poetry",NA,NA,NA,NA,NA,"AHCI",NA,NA,NA,NA,NA,NA,27,0.3,NA,0.15,0
"205","ANNUAL_REVIEW_OF_POLITICAL_SCIENCE","1094-2939","1545-1577","ANNUAL_REVIEWS","English",NA,NA,NA,NA,NA,NA,NA,NA,NA,NA,NA,"PoliticalScience",NA,NA,NA,NA,NA,"SSCI",NA,NA,NA,NA,NA,NA,NA,10.8,NA,5.65,80.56
"206","PROGRESS_IN_POLYMER_SCIENCE","0079-6700","1873-1619","PERGAMON-ELSEVIER_SCIENCE_LTD","English",NA,NA,NA,NA,NA,NA,NA,NA,NA,NA,NA,"PolymerScience",NA,NA,NA,NA,NA,"SCIE",NA,NA,NA,NA,NA,NA,NA,27.1,NA,2.2,27.04
"207","FAMILY_MEDICINE_AND_COMMUNITY_HEALTH","2305-6983","2009-8774","BMJ_PUBLISHING_GROUP","English",NA,NA,NA,NA,NA,NA,NA,NA,NA,NA,NA,"PrimaryHealthCare",NA,NA,NA,NA,NA,"ESCI","United_Kingdom","Double_anonymous_peer_review",19,"No",NA,"No",764,6.1,NA,2.04,100
"208","WORLD_PSYCHIATRY","1723-8617","2051-5545","WILEY","English",NA,NA,NA,NA,NA,NA,NA,NA,NA,NA,NA,"Psychiatry",NA,NA,NA,NA,NA,"SSCI",NA,NA,NA,NA,NA,NA,NA,73.3,NA,9.06,0
"209","INDIAN_JOURNAL_OF_PSYCHOLOGICAL_MEDICINE","0253-7176","0975-1564","SAGE_PUBLICATIONS_INC","English",NA,NA,NA,NA,NA,NA,NA,NA,NA,NA,NA,"Psychology","Psychiatry",NA,NA,NA,NA,"ESCI","India","Double_anonymous_peer_review",12,"No",NA,"No",NA,2.8,NA,0.59,94.05
"210","INDUSTRIAL_AND_ORGANIZATIONAL_PSYCHOLOGY-PERSPECTIVES_ON_SCIENCE_AND_PRACTICE","1754-9426","1754-9434","CAMBRIDGE_UNIV_PRESS","English",NA,NA,NA,NA,NA,NA,NA,NA,NA,NA,NA,"Psychology,Applied",NA,NA,NA,NA,NA,"SSCI",NA,NA,NA,NA,NA,NA,NA,15.8,NA,3.82,27.59
"211","BEHAVIORAL_AND_BRAIN_SCIENCES","0140-525X","1469-1825","CAMBRIDGE_UNIV_PRESS","English",NA,NA,NA,NA,NA,NA,NA,NA,NA,NA,NA,"Psychology,Biological",NA,NA,NA,NA,NA,"SSCI",NA,NA,NA,NA,NA,NA,NA,29.3,NA,4.06,0
"212","ANNUAL_REVIEW_OF_CLINICAL_PSYCHOLOGY","1548-5943","1548-5951","ANNUAL_REVIEWS","English",NA,NA,NA,NA,NA,NA,NA,NA,NA,NA,NA,"Psychology,Clinical",NA,NA,NA,NA,NA,"SSCI",NA,NA,NA,NA,NA,NA,NA,18.4,NA,6.42,1.59
"213","MONOGRAPHS_OF_THE_SOCIETY_FOR_RESEARCH_IN_CHILD_DEVELOPMENT","0037-976X","1540-5834","WILEY","English",NA,NA,NA,NA,NA,NA,NA,NA,NA,NA,NA,"Psychology,Development",NA,NA,NA,NA,NA,"SSCI",NA,NA,NA,NA,NA,NA,NA,9.5,NA,2,44.44
"214","CONTEMPORARY_EDUCATIONAL_PSYCHOLOGY","0361-476X","1090-2384","ACADEMIC_PRESS_INC_ELSEVIER_SCIENCE","English",NA,NA,NA,NA,NA,NA,NA,NA,NA,NA,NA,"Psychology,Educational",NA,NA,NA,NA,NA,"SSCI",NA,NA,NA,NA,NA,NA,NA,10.3,NA,2.55,21.52
"215","NATURE_HUMAN_BEHAVIOUR","2397-3374","2397-3374","NATURE_PORTFOLIO","English",NA,NA,NA,NA,NA,NA,NA,NA,NA,NA,NA,"Psychology,Experimental",NA,NA,NA,NA,NA,"SSCI",NA,NA,NA,NA,NA,NA,NA,29.9,NA,6.47,9.69
"216","BEHAVIOR_RESEARCH_METHODS","1554-351X","1554-3528","SPRINGER","English",NA,NA,NA,NA,NA,NA,NA,NA,NA,NA,NA,"Psychology,Mathematical","Psychology,Experimental",NA,NA,NA,NA,"SSCI",NA,NA,NA,NA,NA,NA,NA,5.4,NA,1.74,45
"217","PSYCHOLOGICAL_SCIENCE_IN_THE_PUBLIC_INTEREST","1529-1006","1539-6053","SAGE_PUBLICATIONS_LTD","English",NA,NA,NA,NA,NA,NA,NA,NA,NA,NA,NA,"Psychology,Multidisciplinary",NA,NA,NA,NA,NA,"SSCI",NA,NA,NA,NA,NA,NA,NA,25.4,NA,9.31,27.27
"218","INTERNATIONAL_JOURNAL_OF_PSYCHOANALYSIS","0020-7578","1745-8315","TAYLOR_&_FRANCIS_LTD","English",NA,NA,NA,NA,NA,NA,NA,NA,NA,NA,NA,"Psychology,Psychoanalysis",NA,NA,NA,NA,NA,"SSCI",NA,NA,NA,NA,NA,NA,NA,1.2,NA,1.18,4.67
"219","PERSONALITY_AND_SOCIAL_PSYCHOLOGY_REVIEW","1088-8683","1532-7957","SAGE_PUBLICATIONS_INC","English",NA,NA,NA,NA,NA,NA,NA,NA,NA,NA,NA,"Psychology,Social",NA,NA,NA,NA,NA,"SSCI",NA,NA,NA,NA,NA,NA,NA,10.8,NA,3.18,22
"220","LANCET_PUBLIC_HEALTH","2468-2667","2468-2667","ELSEVIER_SCI_LTD","English",NA,NA,NA,NA,NA,NA,NA,NA,NA,NA,NA,"Public,Environmental&OccupationalHealth",NA,NA,NA,NA,NA,"SSCI","United_Kingdom","Peer_review",8,"Yes","5780_USD","Yes",NA,50,NA,9.09,90.38
"221","PUBLIC_ADMINISTRATION_REVIEW","0033-3352","1540-6210","WILEY","English",NA,NA,NA,NA,NA,NA,NA,NA,NA,NA,NA,"PublicAdministration",NA,NA,NA,NA,NA,"SSCI",NA,NA,NA,NA,NA,NA,NA,8.3,NA,2.54,23.42
"222","PRX_QUANTUM",NA,"2691-3399","AMER_PHYSICAL_SOC","English",NA,NA,NA,NA,NA,NA,NA,NA,NA,NA,NA,"QuantumScience&Technology","Physics,Applied","Physics,Multidisciplinary",NA,NA,NA,"SCIE","United_States","Anonymous_peer_review",13,"Yes","3450_USD","Yes",NA,9.7,NA,2.4,95.3
"223","RADIOLOGY","0033-8419","0033-8419","RADIOLOGICAL_SOC_NORTH_AMERICA_(RSNA)","English",NA,NA,NA,NA,NA,NA,NA,NA,NA,NA,NA,"Radiology,NuclearMedicine&MedicalImaging",NA,NA,NA,NA,NA,"SCIE",NA,NA,NA,NA,NA,NA,NA,19.7,NA,5.34,2.15
"224","JOURNAL_OF_THE_AMERICAN_PLANNING_ASSOCIATION","0194-4363","1939-0130","ROUTLEDGE_JOURNALS,_TAYLOR_&_FRANCIS_LTD","English",NA,NA,NA,NA,NA,NA,NA,NA,NA,NA,NA,"Regional&UrbanPlanning","UrbanStudies",NA,NA,NA,NA,"SSCI",NA,NA,NA,NA,NA,NA,NA,5.6,NA,1.3,19.59
"225","ANNALS_OF_PHYSICAL_AND_REHABILITATION_MEDICINE","1877-0657","1877-0665","ELSEVIER_FRANCE-EDITIONS_SCIENTIFIQUES_MEDICALES_ELSEVIER","English",NA,NA,NA,NA,NA,NA,NA,NA,NA,NA,NA,"Rehabilitation",NA,NA,NA,NA,NA,"SCIE",NA,NA,NA,NA,NA,NA,NA,4.6,NA,1.83,66.18
"226","RELIGION_BRAIN_&_BEHAVIOR","2153-599X","2153-5981","ROUTLEDGE_JOURNALS,_TAYLOR_&_FRANCIS_LTD","English",NA,NA,NA,NA,NA,NA,NA,NA,NA,NA,NA,"Religion",NA,NA,NA,NA,NA,"AHCI",NA,NA,NA,NA,NA,NA,530,2.2,NA,3.83,20
"227","INTERNATIONAL_JOURNAL_OF_APPLIED_EARTH_OBSERVATION_AND_GEOINFORMATION","1569-8432","1872-826X","ELSEVIER",NA,NA,NA,NA,NA,NA,NA,NA,NA,NA,NA,NA,"RemoteSensing",NA,NA,NA,NA,NA,"SCIE","Netherlands","Anonymous_peer_review",25,"Yes","2400_USD","Yes",NA,7.5,NA,1.46,96.27
"228","JOURNAL_OF_OVARIAN_RESEARCH",NA,"1757-2215","BMC","English",NA,NA,NA,NA,NA,NA,NA,NA,NA,NA,NA,"ReproductiveBiology",NA,NA,NA,NA,NA,"SCIE","United_Kingdom","Anonymous_peer_review",11,"Yes","2290_GBP;_3190_USD;_2690_EUR","Yes",NA,4,NA,1.23,99.56
"229","EUROPEAN_RESPIRATORY_JOURNAL","0903-1936","1399-3003","EUROPEAN_RESPIRATORY_SOC_JOURNALS_LTD","English",NA,NA,NA,NA,NA,NA,NA,NA,NA,NA,NA,"RespiratorySystem",NA,NA,NA,NA,NA,"SCIE",NA,NA,NA,NA,NA,NA,NA,24.9,NA,3.97,35.74
"230","NATURE_REVIEWS_RHEUMATOLOGY","1759-4790","1759-4804","NATURE_PORTFOLIO","English",NA,NA,NA,NA,NA,NA,NA,NA,NA,NA,NA,"Rheumatology",NA,NA,NA,NA,NA,"SCIE",NA,NA,NA,NA,NA,NA,NA,33.7,NA,4.4,2.03
"231","SCIENCE_ROBOTICS","2470-9476","2470-9476","AMER_ASSOC_ADVANCEMENT_SCIENCE","English",NA,NA,NA,NA,NA,NA,NA,NA,NA,NA,NA,"Robotics",NA,NA,NA,NA,NA,"SCIE",NA,NA,NA,NA,NA,NA,NA,25,NA,5.41,0
"232","SOCIAL_ISSUES_AND_POLICY_REVIEW","1751-2395","1751-2409","WILEY","English",NA,NA,NA,NA,NA,NA,NA,NA,NA,NA,NA,"SocialIssues","Psychology,Social",NA,NA,NA,NA,"SSCI",NA,NA,NA,NA,NA,NA,NA,9.4,NA,2.76,34.48
"233","JOURNAL_OF_CANCER_SURVIVORSHIP","1932-2259","1932-2267","SPRINGER","English",NA,NA,NA,NA,NA,NA,NA,NA,NA,NA,NA,"SocialSciences,Biomedical",NA,NA,NA,NA,NA,"SSCI",NA,NA,NA,NA,NA,NA,NA,3.7,NA,0.82,25.79
"234","DRUGS_HABITS_AND_SOCIAL_POLICY","2752-6739","2752-6747","EMERALD_GROUP_PUBLISHING_LTD",NA,NA,NA,NA,NA,NA,NA,NA,NA,NA,NA,NA,"SocialSciences,General","SubstanceAbuse",NA,NA,NA,NA,"ESCI",NA,NA,NA,NA,NA,NA,NA,NA,NA,NA,NA
"235","BIG_DATA_&_SOCIETY","2053-9517","2053-9517","SAGE_PUBLICATIONS_INC","English",NA,NA,NA,NA,NA,NA,NA,NA,NA,NA,NA,"SocialSciences,Interdisciplinary",NA,NA,NA,NA,NA,"SSCI","United_States","Double_anonymous_peer_review",11,"Yes","2000_USD","Yes",NA,8.5,NA,3.46,93.02
"236","SOCIOLOGICAL_METHODS_&_RESEARCH","0049-1241","1552-8294","SAGE_PUBLICATIONS_INC","English",NA,NA,NA,NA,NA,NA,NA,NA,NA,NA,NA,"SocialSciences,MathematicalMethods","Sociology",NA,NA,NA,NA,"SSCI",NA,NA,NA,NA,NA,NA,NA,6.3,NA,3.15,16.27
"237","AMERICAN_JOURNAL_OF_ORTHOPSYCHIATRY","0002-9432","1939-0025","EDUCATIONAL_PUBLISHING_FOUNDATION-AMERICAN_PSYCHOLOGICAL_ASSOC","English",NA,NA,NA,NA,NA,NA,NA,NA,NA,NA,NA,"SocialWork",NA,NA,NA,NA,NA,"SSCI",NA,NA,NA,NA,NA,NA,NA,3.3,NA,1.15,0
"238","ANNUAL_REVIEW_OF_SOCIOLOGY","0360-0572","1545-2115","ANNUAL_REVIEWS","English",NA,NA,NA,NA,NA,NA,NA,NA,NA,NA,NA,"Sociology",NA,NA,NA,NA,NA,"SSCI",NA,NA,NA,NA,NA,NA,NA,10.5,NA,4.37,1.15
"239","SOIL_BIOLOGY_&_BIOCHEMISTRY","0038-0717","1879-3428","PERGAMON-ELSEVIER_SCIENCE_LTD","Multi-Language",NA,NA,NA,NA,NA,NA,NA,NA,NA,NA,NA,"SoilScience",NA,NA,NA,NA,NA,"SCIE",NA,NA,NA,NA,NA,NA,NA,9.7,NA,2.02,23.95
"240","MASS_SPECTROMETRY_REVIEWS","0277-7037","1098-2787","WILEY","English",NA,NA,NA,NA,NA,NA,NA,NA,NA,NA,NA,"Spectroscopy",NA,NA,NA,NA,NA,"SCIE",NA,NA,NA,NA,NA,NA,NA,6.7,NA,1.23,15.79
"241","BRITISH_JOURNAL_OF_SPORTS_MEDICINE","0306-3674","1473-0480","BMJ_PUBLISHING_GROUP","English",NA,NA,NA,NA,NA,NA,NA,NA,NA,NA,NA,"SportSciences",NA,NA,NA,NA,NA,"SCIE",NA,NA,NA,NA,NA,NA,NA,18.6,NA,4.26,27.17
"242","JOURNAL_OF_THE_ROYAL_STATISTICAL_SOCIETY_SERIES_B-STATISTICAL_METHODOLOGY","1369-7412","1467-9868","OXFORD_UNIV_PRESS","English",NA,NA,NA,NA,NA,NA,NA,NA,NA,NA,NA,"Statistics&Probability",NA,NA,NA,NA,NA,"SCIE",NA,NA,NA,NA,NA,NA,NA,5.8,NA,2.08,21.02
"243","ALCOHOL_RESEARCH-CURRENT_REVIEWS","1535-7414","1930-0573","NATL_INST_ALCOHOL_ABUSE__ALCOHOLISM","English",NA,NA,NA,NA,NA,NA,NA,NA,NA,NA,NA,"SubstanceAbuse",NA,NA,NA,NA,NA,"SSCI",NA,NA,NA,NA,NA,NA,NA,9.4,NA,2.13,16.28
"244","JAMA_SURGERY","2168-6254","2168-6262","AMER_MEDICAL_ASSOC","English",NA,NA,NA,NA,NA,NA,NA,NA,NA,NA,NA,"Surgery",NA,NA,NA,NA,NA,"SCIE",NA,NA,NA,NA,NA,NA,NA,16.9,NA,5.4,9.97
"245","IEEE_TRANSACTIONS_ON_COGNITIVE_COMMUNICATIONS_AND_NETWORKING","2332-7731","2332-7731","IEEE-INST_ELECTRICAL_ELECTRONICS_ENGINEERS_INC","English",NA,NA,NA,NA,NA,NA,NA,NA,NA,NA,NA,"Telecommunications",NA,NA,NA,NA,NA,"SCIE",NA,NA,NA,NA,NA,NA,NA,8.6,NA,1.8,9.54
"246","DRAMA_THERAPY_REVIEW","2054-7668","2054-7676","INTELLECT_LTD","English",NA,NA,NA,NA,NA,NA,NA,NA,NA,NA,NA,"Theater",NA,NA,NA,NA,NA,"ESCI",NA,NA,NA,NA,NA,NA,123,1.1,NA,4,0
"247","PROGRESS_IN_ENERGY_AND_COMBUSTION_SCIENCE","0360-1285","1873-216X","PERGAMON-ELSEVIER_SCIENCE_LTD","English",NA,NA,NA,NA,NA,NA,NA,NA,NA,NA,NA,"Thermodynamics","Energy&Fuels","Engineering,Chemical","Engineering,Mechanical",NA,NA,"SCIE",NA,NA,NA,NA,NA,NA,NA,29.5,NA,2.33,34.62
"248","PARTICLE_AND_FIBRE_TOXICOLOGY","1743-8977","1743-8977","BMC","English",NA,NA,NA,NA,NA,NA,NA,NA,NA,NA,NA,"Toxicology",NA,NA,NA,NA,NA,"SCIE","United_Kingdom","Anonymous_peer_review",18,"Yes","2790_GBP;_3890_USD;_3190_EUR","Yes",NA,10,NA,2.04,100
"249","NEPHROLOGY_DIALYSIS_TRANSPLANTATION","0931-0509","1460-2385","OXFORD_UNIV_PRESS","English",NA,NA,NA,NA,NA,NA,NA,NA,NA,NA,NA,"Transplantation","Urology&Nephrology",NA,NA,NA,NA,"SCIE",NA,NA,NA,NA,NA,NA,NA,6.1,NA,1.92,23.97
"250","JOURNAL_OF_PUBLIC_TRANSPORTATION","1077-291X","2375-0901","ELSEVIER","English",NA,NA,NA,NA,NA,NA,NA,NA,NA,NA,NA,"Transportation",NA,NA,NA,NA,NA,"SSCI","United_States","Anonymous_peer_review",19,"Yes","1790_USD","Yes",980,12.2,NA,2.25,83.33
"251","TRANSPORTATION_RESEARCH_PART_C-EMERGING_TECHNOLOGIES","0968-090X","1879-2359","PERGAMON-ELSEVIER_SCIENCE_LTD","English",NA,NA,NA,NA,NA,NA,NA,NA,NA,NA,NA,"TransportationScience&Technology",NA,NA,NA,NA,NA,"SCIE",NA,NA,NA,NA,NA,NA,NA,8.3,NA,1.81,19.94
"252","TROPICAL_MEDICINE_AND_HEALTH","1348-8945","1349-4147","BMC","English",NA,NA,NA,NA,NA,NA,NA,NA,NA,NA,NA,"TropicalMedicine",NA,NA,NA,NA,NA,"ESCI","United_Kingdom","Anonymous_peer_review",11,"Yes","2090_GBP;_2990_USD;_2490_EUR","Yes",NA,4.5,NA,1.13,99.59
"253","CITIES","0264-2751","1873-6084","ELSEVIER_SCI_LTD","English",NA,NA,NA,NA,NA,NA,NA,NA,NA,NA,NA,"UrbanStudies",NA,NA,NA,NA,NA,"SSCI",NA,NA,NA,NA,NA,NA,NA,6.7,NA,2.07,19.63
"254","NATURE_REVIEWS_NEPHROLOGY","1759-5061","1759-507X","NATURE_PORTFOLIO","English",NA,NA,NA,NA,NA,NA,NA,NA,NA,NA,NA,"Urology&Nephrology",NA,NA,NA,NA,NA,"SCIE",NA,NA,NA,NA,NA,NA,NA,41.5,NA,6.82,3.31
"255","LAB_ANIMAL","0093-7355","1548-4475","NATURE_PORTFOLIO","English",NA,NA,NA,NA,NA,NA,NA,NA,NA,NA,NA,"VeterinarySciences",NA,NA,NA,NA,NA,"SCIE",NA,NA,NA,NA,NA,NA,NA,6.9,NA,1.28,3.13
"256","JOURNAL_OF_MEDICAL_VIROLOGY","0146-6615","1096-9071","WILEY","English",NA,NA,NA,NA,NA,NA,NA,NA,NA,NA,NA,"Virology",NA,NA,NA,NA,NA,"SCIE",NA,NA,NA,NA,NA,NA,NA,12.7,NA,1.52,10.56
"257","EXPOSURE_AND_HEALTH","2451-9766","2451-9685","SPRINGER","English",NA,NA,NA,NA,NA,NA,NA,NA,NA,NA,NA,"WaterResources",NA,NA,NA,NA,NA,"SCIE",NA,NA,NA,NA,NA,NA,NA,6.7,NA,1.83,20.17
"258","VIOLENCE_AGAINST_WOMEN","1077-8012","1552-8448","SAGE_PUBLICATIONS_INC","English",NA,NA,NA,NA,NA,NA,NA,NA,NA,NA,NA,"Women'SStudies",NA,NA,NA,NA,NA,"SSCI",NA,NA,NA,NA,NA,NA,NA,2.2,NA,1.08,10.87
"259","ZOOLOGICAL_RESEARCH","2095-8137","2095-8137","SCIENCE_PRESS","English",NA,NA,NA,NA,NA,NA,NA,NA,NA,NA,NA,"Zoology",NA,NA,NA,NA,NA,"SCIE",NA,NA,NA,NA,NA,NA,NA,4.9,NA,2.2,99.13
"260","INTERDISCIPLINARY_JOURNAL_OF_MANAGEMENT_STUDIES",NA,"2981-0795","UNIV_TEHRAN",NA,NA,NA,NA,NA,NA,NA,NA,NA,NA,NA,NA,NA,NA,NA,NA,NA,NA,"SSCI",NA,NA,NA,NA,NA,NA,NA,NA,NA,NA,NA
